-4.0150515735e-02,-4.6082708985e-02,-1.7859719694e-02,-8.3933345973e-02,-3.5043187439e-02,4.7586031258e-02,4.6185642481e-02,2.8370255604e-02,5.3929947317e-03,3.0952151865e-03,5.4732333869e-02,3.4515589476e-01,-3.3104348928e-02,2.4009037763e-02,2.4314797483e-03,-1.8711204827e-01,6.3797674375e-04,4.2879302055e-02,-5.3054550663e-03,2.0163876936e-02,9.0152159333e-02,2.3218239658e-03,6.1172965914e-02,-5.9548713267e-02,-3.8975492120e-02,-9.2373965308e-03,2.9267817736e-02,1.6665291041e-02,-4.4290132821e-02,-1.1042241007e-02,-2.7111448348e-02,-4.9160793424e-02,-1.0234106332e-01,-1.8753096461e-02,5.0977725536e-02,9.5146089792e-02,-5.3024895489e-02,-4.8179697245e-02,1.8392993137e-02,1.2867645361e-02,5.6521818042e-03,7.3829335161e-03,5.4248746485e-02,6.1625618488e-02,-5.6880917400e-02,5.6171812117e-02,7.7888622880e-02,-2.8583480045e-02,3.6569528282e-02,5.2991747856e-02,-3.0088949949e-02,-2.8687752783e-02,7.6551951468e-02,-6.3490793109e-02,-2.8583280742e-02,-5.5604182184e-02,-1.4238415286e-02,2.2533126175e-02,-1.8714288017e-03,6.9772568531e-03,1.5166634321e-01,-6.7433610559e-02,1.2342596054e-01,3.3649023622e-02,-6.4669169486e-02,-1.2226833031e-02,7.4784189463e-02,-9.1587513685e-02,-5.5562764406e-02,-1.3948607258e-02,-7.2112930939e-03,1.7478434741e-01,4.3823444284e-03,2.0606904291e-03,9.4635295682e-04,-8.4551990032e-02,-2.3983612657e-02,-1.2390838563e-01,7.3397889733e-02,3.1811550260e-02,2.0305331796e-02,-7.1434110403e-02,-1.4389187563e-03,-3.8004215807e-02,-2.1021198481e-02,-4.7820314765e-02,2.9330778867e-02,3.7105637603e-03,4.2447809130e-02,1.0624781251e-01,-1.1266671121e-01,-4.9772102386e-02,2.2250918671e-02,-7.8982405365e-02,-2.5736188516e-02,8.6467385292e-02,-2.0614748821e-02,-3.3151768148e-03,-3.4273508936e-02,-1.0243901983e-02,1.0594993830e-01,5.8318536729e-02,-1.2182376534e-01,-1.2584750541e-02,-3.2311316580e-02,9.0226843953e-02,-4.8594400287e-02,-1.7372658476e-02,-3.5027861595e-02,-3.2221000642e-02,-1.3091965020e-01,-3.4349616617e-02,3.7131789140e-03,-2.6219211519e-02,2.6804102585e-02,5.2004557103e-02,-4.7120284289e-02,-1.0409936309e-02,-1.5825831890e-01,9.9174000323e-02,-8.2432821393e-02,4.3250437826e-02,1.1813148856e-02,7.9729691148e-02,1.4302521944e-02,-1.6859106719e-02,-1.6784822568e-02,2.6463370770e-02
3.0708583072e-02,4.3101776391e-03,-4.1253682226e-02,2.3957120255e-02,9.8689705133e-02,3.5072799772e-02,5.2530534565e-02,2.5692537427e-02,-2.4782512337e-02,-3.9115697145e-02,-1.6894960776e-02,3.2233271748e-02,-2.3008367047e-02,-1.2646185933e-03,-3.7718761712e-02,-1.1639040709e-01,1.2217165902e-02,8.2327807322e-03,-2.5920663029e-02,-6.4386591315e-02,7.3999713641e-04,7.8247010708e-02,-2.0708287135e-02,-5.0325188786e-03,-1.4552094042e-02,-3.2216191292e-02,3.6865635775e-03,7.1241497062e-04,-4.1939597577e-02,-4.9428027123e-03,-8.1485984847e-03,-9.6522746608e-03,3.3707607538e-02,-7.7619530261e-02,-3.4101493657e-02,2.6935059577e-02,2.4455916137e-02,6.8977260962e-03,-3.0060227960e-02,-6.1681766063e-02,-1.4456350356e-02,2.8820343316e-02,5.1978252828e-02,-4.7463225201e-03,-2.9535351321e-02,-3.0305301771e-02,7.0689381100e-03,2.4399254471e-02,-2.7976462618e-02,-1.6967138276e-02,1.6696756706e-02,5.5820379406e-02,4.7864113003e-02,-6.6916206852e-03,1.5859235078e-02,1.2268017745e-03,5.4312340915e-02,-1.8463786546e-05,-7.6070167124e-02,4.5743960887e-02,8.4089376032e-02,-5.2965685725e-02,-7.6234847307e-02,-4.3308269233e-02,-4.4567354023e-02,4.4263515621e-02,2.7249526232e-02,-1.7008285969e-02,2.5416541845e-02,2.2286804393e-02,1.4281876385e-02,2.1007845178e-02,-3.8579415530e-02,-1.0734307580e-02,-6.9906145334e-02,-4.8495635390e-02,-1.1447267607e-03,-1.1836267263e-01,1.7094563693e-02,-3.3099766821e-02,5.5862009525e-02,-3.4116345923e-03,5.6004721671e-02,2.4342801422e-02,2.2694775835e-02,4.3995674700e-02,2.5887226686e-02,-2.4061968550e-02,4.1190885007e-02,9.8070412874e-02,7.4816182256e-02,-1.3935931958e-02,6.1177331954e-03,-4.9508940428e-02,4.9818750471e-02,-2.0162384957e-02,7.3919165879e-03,-4.4937767088e-03,-3.6410115659e-02,-8.2329828292e-03,-1.0663769208e-02,9.4024576247e-02,4.8048548400e-02,-7.1495515294e-03,-1.1499843746e-01,-2.7890473604e-02,-8.4851076826e-03,7.4150543660e-03,3.5429134965e-02,-3.5461951047e-03,4.3848950416e-02,5.3326319903e-03,-3.5505890846e-02,-6.4140595496e-02,-6.1682198197e-02,2.2600891069e-02,6.2118921429e-02,-3.0314985663e-02,-5.1849592477e-02,1.0207125917e-02,9.3474518508e-03,3.7836864591e-02,1.5446794219e-02,8.3676703274e-02,1.0078270920e-02,-1.3453964144e-02,-3.1595893204e-02,-2.2222097963e-02
-4.0965691209e-02,-1.7720412463e-02,-2.4877944961e-02,-5.4060970433e-03,6.7403182387e-02,8.3218783140e-02,5.7884708047e-02,-3.9477575570e-02,-1.9958633929e-02,-8.3457995206e-03,7.1603385732e-03,3.1804200262e-02,1.6711439937e-02,-4.2722780257e-02,-2.9996479861e-03,-1.1782156676e-01,4.7476567328e-02,-2.3234009743e-02,-4.8579603434e-02,-3.9246257395e-02,-6.8381954916e-03,4.8427004367e-02,-2.6175728068e-02,4.0526767261e-03,8.7741175666e-03,8.2583902404e-03,-1.6662193462e-02,4.1362680495e-03,-5.9392720461e-02,-3.1683180481e-02,1.4798439108e-02,1.7195543274e-02,2.6013171300e-02,-2.7624918148e-02,2.3524010554e-02,-2.3596677929e-03,3.8222998381e-02,2.4974113330e-02,2.1411353722e-02,4.5834235847e-02,-1.0285172611e-02,-5.7870038290e-05,2.9271868989e-03,-1.0628999211e-02,-1.4607127923e-05,-3.0219575390e-02,3.6750487983e-02,1.2439860962e-02,1.3044052757e-03,2.3952251300e-02,-2.2589311004e-02,1.6118574888e-02,1.4780610800e-02,-2.5365641341e-02,-3.6913224030e-03,1.9700616598e-02,4.4173292816e-02,-2.3762963712e-02,4.8875167966e-02,-3.0229978263e-02,4.5034844428e-02,-9.6152864397e-02,-5.0588473678e-02,1.9967451692e-02,-1.6811130568e-02,-2.3110448383e-03,3.5847850144e-02,-6.8792994134e-03,-6.4932527021e-03,4.4439468533e-02,-1.7423987389e-02,2.2575419396e-02,-9.7057558596e-03,6.0315802693e-03,-4.9039516598e-02,-9.4351079315e-03,3.0979493167e-03,-8.7171047926e-02,-6.3680377789e-03,1.1331154965e-02,4.2508017272e-02,4.1231699288e-02,3.6928448826e-02,5.4650597274e-02,6.1583075672e-02,2.6772318408e-02,6.4689993858e-02,-9.0463142842e-03,4.5713730156e-02,2.0391313359e-02,7.6583780348e-02,-1.8777756020e-02,3.5183571279e-02,-3.5743214190e-02,2.7074718848e-02,-1.0910804383e-02,1.4079867397e-03,-3.8645107299e-02,-1.1633276939e-02,3.4460335970e-02,-2.2449282929e-02,2.1505663171e-02,-3.3704303205e-02,1.5278157778e-02,-4.2995125055e-02,3.5084538162e-02,-4.2569652200e-02,3.1095974147e-02,2.0158773288e-02,4.5511443168e-02,-3.0908916960e-04,1.9417488948e-02,-5.5807147175e-02,-1.7409335822e-02,7.0407004096e-03,4.9609644338e-03,1.7121708021e-02,1.9912272692e-03,-5.9368141228e-04,1.4228673652e-02,1.0546935722e-02,-1.4981333166e-02,-4.2447462678e-02,1.6267832369e-02,1.1952919886e-02,-1.5243721195e-02,-2.5977959856e-02,2.1793337539e-02
-2.8343947604e-02,-3.4476094879e-04,6.9050844759e-03,4.8896059394e-02,1.0160763748e-02,3.5613419022e-03,2.0972749218e-02,-7.6641760767e-02,2.0063851029e-02,-3.6836475134e-02,4.5955867972e-04,1.2914862484e-02,-6.7148050293e-03,-6.3829295337e-02,1.1394292116e-02,-1.2898875773e-01,5.0861507654e-02,1.3366024010e-02,-1.6227254644e-02,-5.0758011639e-02,4.6557310969e-02,8.2299830392e-03,-6.0002554208e-02,-4.2110703886e-02,1.5470255166e-02,4.9166776240e-02,3.3640735783e-03,1.1673976667e-02,6.2969755381e-03,-2.7588585392e-02,9.6007725224e-03,2.6334179565e-03,2.0020633936e-02,2.0156554878e-02,1.0493138107e-03,1.5393655747e-02,2.5793721899e-02,-1.2477950659e-03,9.9340099841e-03,1.7576813698e-02,-2.5291379541e-02,-1.9230144098e-02,-8.0184191465e-03,-9.3136141077e-03,-8.0985520035e-03,-4.8246341757e-03,-1.0788164102e-02,-3.2595697790e-02,9.9755488336e-03,6.0140274465e-02,-1.1016570032e-02,1.4442200772e-02,-2.2519929335e-02,9.1188540682e-03,-2.2467862815e-02,2.2909028456e-02,1.8007205799e-02,-5.2843708545e-02,2.5352041703e-03,-7.3122000322e-03,2.4688672274e-02,-7.3773138225e-02,-6.1507109553e-02,5.1621582359e-02,-4.6833870001e-03,-5.1343740779e-05,3.4043662250e-02,-2.2415030748e-02,-3.4556329250e-02,-1.4049950987e-02,-1.2010612525e-02,4.9042657018e-02,-2.0739515312e-03,-4.6185653657e-02,-3.2473701984e-02,3.0181106180e-02,3.3521912992e-03,-6.5722852945e-02,-2.0466985181e-02,-3.8796649314e-03,2.3826071993e-02,1.2293877080e-02,3.3898808062e-02,1.8029926345e-02,2.9029684141e-02,2.2726848256e-03,4.5217875391e-02,-3.2774636056e-03,3.7296589464e-02,4.1514836252e-02,9.9919149652e-03,-4.2208049446e-02,5.6277150288e-03,-2.4040685967e-02,3.1138170511e-02,-1.4557641698e-03,-3.0265044421e-02,-3.8880258799e-02,-2.2177921608e-02,1.5263240784e-02,1.7841806635e-02,2.8395272791e-02,1.1747120880e-03,-2.6804642752e-02,-2.3574756458e-02,5.7738505304e-02,-2.0246326458e-03,5.3046379238e-02,-4.7923009843e-03,-3.6172434688e-02,1.4545645565e-02,3.8709528744e-02,-2.5009408593e-02,-7.4343055487e-02,4.1156202555e-02,9.8966322839e-03,2.4043465033e-02,4.6322615817e-03,1.0141459294e-02,1.1327114888e-02,-2.2646298632e-02,1.0629451834e-02,-2.7442650869e-02,1.1064119637e-02,1.1712440290e-02,-1.6557969153e-02,-2.4934794754e-02,4.1814893484e-03
-4.8957155086e-03,-1.7630975693e-02,1.9254740328e-02,3.5062368959e-02,7.0861796848e-03,9.3287341297e-03,1.7462301999e-02,-6.0103669763e-02,-1.4069159515e-02,6.1280545779e-03,3.2423462719e-02,2.7379970998e-03,2.3890098557e-02,-4.9018640071e-02,-5.8117136359e-02,-1.0708291084e-01,3.0119271949e-02,2.2017102689e-02,2.3177517578e-02,-6.2221745029e-03,3.3886604011e-02,-1.2347619049e-02,-4.5944575220e-02,-2.2465409711e-02,-4.4332168996e-02,1.6312465072e-02,-1.4561023563e-02,1.8426699564e-02,-1.8381695263e-03,1.3967432082e-02,-3.4959726036e-02,-6.2484331429e-03,2.2580545396e-02,2.3327669129e-02,2.5117928162e-02,3.3411220647e-03,3.8617362734e-03,-8.7871793658e-03,-1.3952306472e-02,-3.0103681609e-02,-1.9498595968e-02,4.5491144061e-02,-6.4106932841e-03,2.3036466911e-02,-2.2975103930e-03,-1.0717241094e-03,-1.2752243318e-02,-1.4678073116e-02,2.2745221853e-02,2.8615422547e-02,1.9336972386e-02,1.7033383250e-02,-7.5367517769e-02,2.2043811623e-03,-3.3719070256e-02,1.7483169213e-02,-1.7314326018e-02,-5.3058236837e-02,9.6912891604e-04,-1.6172952950e-02,4.9769394100e-02,-6.0810960829e-02,-5.3543828428e-02,-2.0216733683e-03,2.0694970153e-03,2.6011819020e-02,2.5355271995e-02,-3.6267925054e-02,-3.8939788938e-02,-9.6945761470e-04,5.3967754357e-03,7.6874427497e-02,1.6723208129e-02,-4.1390195489e-02,-5.5068574846e-02,-1.6367968637e-03,-9.3472460285e-03,-5.9906005859e-02,5.9166047722e-03,2.0506294444e-02,-2.5861458853e-02,-2.6441228110e-03,3.3543240279e-02,-2.4341568351e-02,5.1707368344e-02,9.2445993796e-03,6.5636574291e-03,1.0093291290e-02,2.5524850935e-02,4.2046554387e-02,-3.7150882185e-02,-1.5353773721e-02,-2.0871443674e-02,-4.6000096947e-02,1.3967404142e-02,4.6280890703e-02,-1.8447661772e-02,-3.1043702736e-02,-1.5537835658e-02,-4.6755556017e-02,-1.1124684243e-03,2.1551920101e-02,1.0479775257e-02,2.1587500349e-02,6.0980794951e-03,2.5565765798e-02,-9.8312273622e-03,4.5101962984e-02,-3.7839408964e-02,-3.1675625592e-02,9.9595577922e-04,6.3296388835e-03,1.2984848581e-03,-6.2622316182e-02,-7.8634554520e-03,-5.2305371501e-03,1.5507720411e-02,3.9704930037e-02,-1.0394502431e-02,3.7307161838e-02,1.4404044487e-02,2.5134408846e-02,-3.2526168972e-02,-8.9758280665e-03,4.2389631271e-02,1.0243752040e-02,6.7832297646e-03,3.1304354779e-03
2.0979866385e-02,-2.8609238565e-02,1.5096555464e-02,2.9348168522e-02,6.2050381675e-03,3.3022832125e-02,6.5980805084e-03,-4.6181585640e-02,-2.8420034796e-02,2.2984087467e-02,-6.2425103970e-03,3.0328711495e-02,7.4503466021e-04,-4.0381949395e-02,-4.4030178338e-02,-8.1106945872e-02,1.1960610747e-02,1.2477071024e-02,-3.9171208628e-03,2.4529624730e-02,-7.2852214798e-03,-9.0931886807e-03,-5.2482705563e-02,-8.0021042377e-03,-1.2108626775e-02,1.1174922809e-02,2.5337884203e-02,1.9906595349e-02,-9.2655967455e-04,-1.5837593004e-02,-4.9917675555e-02,3.7438974250e-03,1.9601248205e-02,-5.5798571557e-03,-2.1461902186e-02,2.5465069339e-03,1.8364330754e-02,-9.8856426775e-03,1.2151325122e-02,-5.7110371999e-03,-7.4064236833e-04,1.1300206184e-02,-1.2724482454e-02,2.7542708442e-02,-3.5367857665e-02,3.0294565484e-02,8.9974142611e-03,-2.9665447772e-02,2.9346989468e-02,6.8081594072e-03,2.7030898258e-02,2.8631716967e-02,-4.1059378535e-02,2.9874814674e-02,-1.1212140322e-02,1.2212523259e-02,3.9029531181e-02,-4.0627695620e-02,1.1593302479e-03,-4.7862380743e-02,4.6630453318e-02,-3.4128621221e-02,-7.6689675450e-02,-3.2170768827e-02,1.8351566046e-02,3.1069288030e-02,1.7624122556e-03,-1.1638028547e-02,8.0140968785e-03,1.3318015262e-02,-8.8284816593e-03,9.4983533025e-02,6.2142480165e-03,-1.7312983051e-02,-5.4596260190e-02,-7.4434401467e-03,-5.6413677521e-03,-4.1084613651e-02,3.3476237208e-02,-3.1054844148e-03,-3.0475691892e-03,1.4437474310e-02,1.3191877864e-02,2.9540807009e-03,-1.6306059435e-02,3.6414235830e-02,-3.7969797850e-02,4.7119561583e-02,-2.4045232683e-02,4.4333352707e-03,-5.5541556329e-02,6.8092769943e-03,-1.0591183789e-02,-4.2789671570e-02,-3.6027408205e-03,3.8508400321e-02,-3.0863909051e-02,2.7309834957e-02,-2.0442660898e-02,1.9557327032e-03,-8.2935206592e-03,3.6824423820e-02,-3.1406597700e-03,1.9304836169e-02,-9.6671096981e-03,4.7530628741e-02,3.4094326198e-02,4.9538374878e-03,-1.1046539992e-02,5.4774824530e-03,-2.8218500316e-02,-2.8521398082e-02,2.8174011037e-02,-5.1526386291e-02,-2.9575629160e-03,1.2161443010e-02,2.1381746978e-02,1.1951281689e-02,-7.6634045690e-03,5.9826415032e-02,-2.5582357775e-03,5.7705335319e-02,-6.6480256617e-02,8.6856381968e-03,4.8654478043e-02,-3.3444352448e-02,1.8353488296e-02,-7.7355918474e-03
2.5631630793e-02,-2.9513752088e-03,1.7066333443e-02,2.7642272413e-02,1.7045078799e-02,3.2769672573e-02,-9.5612052828e-03,-3.1128430739e-02,5.2842120640e-03,-1.2988726608e-02,-1.1829611845e-02,3.4854982048e-02,1.0034156032e-02,-5.4386602715e-03,-1.4745891094e-02,-6.3993141055e-02,-4.8585093464e-04,-1.3233899139e-02,-1.3314890675e-02,4.6610947698e-02,-3.1560301781e-02,-2.2507410496e-02,5.3639467806e-03,2.4436980486e-02,-1.6567625105e-02,-1.5819691122e-02,1.8360232934e-02,-2.7919510379e-02,-1.6525967047e-02,4.0024653077e-02,-6.6183879972e-03,4.6857099980e-02,2.0047910511e-02,-4.9405470490e-02,-3.1807243824e-02,4.6567143872e-03,6.8624459207e-02,-2.5371005759e-02,4.2840209790e-03,1.3950822875e-02,2.0711190999e-02,-1.7217364162e-02,-2.5357274339e-02,2.0002618432e-02,-2.7036586776e-02,1.9008830190e-02,2.4159796536e-02,4.0426217020e-03,1.9427299500e-02,-2.6256589219e-02,1.8431694480e-03,1.1194054969e-02,-3.0497778207e-02,1.9634943455e-02,5.1982295699e-03,-1.6454524593e-03,8.3554781973e-02,-1.3937686570e-02,2.2267488763e-02,2.9321184848e-03,7.8131146729e-02,-7.3135241866e-02,-7.0128694177e-02,-8.2837110385e-03,2.5863470510e-02,6.5268583596e-02,-1.1887287721e-02,-1.9598511979e-02,1.0193315335e-02,3.4769825637e-02,1.7726998776e-02,4.5209243894e-02,6.1297062784e-03,3.8991570473e-02,-6.1949118972e-02,2.3508796468e-02,1.6990013421e-02,-5.4816633463e-02,2.4737579748e-02,2.4111669045e-03,9.2741725966e-03,1.4723150525e-03,7.1286824532e-03,3.7193756551e-02,-1.0599055327e-02,5.2984654903e-02,-4.0478847921e-02,2.2638648748e-02,-1.2422831729e-02,1.9342724234e-02,-5.9013150632e-02,5.6734383106e-03,7.4556414038e-03,-9.8076900467e-03,-1.1496496387e-02,2.4814015254e-02,1.0964761488e-02,2.3364569992e-02,-2.2560048848e-02,-9.0164429275e-04,3.5987768788e-03,1.5388028696e-02,-3.7234432995e-02,3.1581699848e-02,1.1457903311e-02,4.4248715043e-02,-1.3407991268e-02,8.6281821132e-03,1.0277425870e-02,-8.6047919467e-03,-5.7032626122e-02,-2.2335043177e-02,1.0541826487e-02,-4.2959894985e-02,-3.3927921206e-02,1.3785591349e-02,-1.8008075422e-03,6.1304625124e-03,1.6816221178e-02,7.2449497879e-02,1.4974414371e-02,4.3888017535e-02,-4.9142640084e-02,4.8930872232e-02,-7.9205250368e-03,-1.3482974842e-02,2.7611374855e-02,1.9866745919e-02
-3.0030338094e-02,-1.1511969380e-02,6.5821143799e-03,6.4046114683e-02,2.6689687744e-02,3.2199889421e-02,-6.4684953541e-03,-3.1010285020e-02,-1.0294820182e-02,-7.2961069643e-02,1.1303849518e-02,3.8396485150e-02,1.3789718039e-02,-1.6190467402e-02,-2.8516504914e-02,-2.3774554953e-02,-5.8389431797e-03,1.1283701286e-02,-8.8578565046e-03,8.5643436760e-03,-1.6520824283e-02,1.0064312257e-02,-2.2457417101e-02,1.5733614564e-02,6.5209120512e-02,1.7232818063e-03,6.6815286875e-02,-3.1026534736e-02,-8.7775290012e-03,2.4183442292e-04,1.5817439184e-02,2.8091469780e-02,-1.0939087952e-03,-6.3978224993e-02,-3.6446169019e-02,1.1682268814e-04,4.1578114033e-02,-3.7175205071e-03,4.4648842886e-03,2.3614082485e-02,2.4804482237e-02,-3.0637575313e-02,-2.6537703350e-02,2.7638010215e-03,-3.5898014903e-02,-6.9632353261e-03,2.5383735076e-02,1.9875794649e-02,1.3453026768e-03,2.3667432368e-02,-1.9307991490e-02,2.3432338610e-02,9.4248866662e-03,1.2106116861e-02,1.9210480154e-02,1.4819574542e-02,9.4592139125e-02,-1.6781730577e-02,-1.1443974450e-02,-8.8668083772e-03,5.5266059935e-02,-4.9295790493e-02,-7.0697017014e-02,1.6116429120e-02,2.4353051558e-03,5.9072910808e-03,-1.8291560933e-02,3.1433354598e-03,-1.6495412216e-02,2.3611593060e-03,2.4280408397e-03,2.3358637467e-02,-1.4171252027e-02,4.8143822700e-02,-5.7063482702e-02,-2.0405741408e-02,2.8220808599e-03,-4.2863421142e-02,1.3073040172e-02,4.6415147372e-03,2.7011402417e-03,7.7302353457e-03,4.7244146466e-02,3.0907621607e-02,3.2669033855e-02,2.4989333004e-02,-1.3160259463e-02,5.5323890410e-03,-1.5675833449e-02,3.0871400610e-02,-8.6910344660e-02,-4.5469801873e-02,-3.7127095275e-03,-2.7808863670e-02,3.8964452688e-03,5.8935736306e-03,1.4752548188e-02,6.6282391548e-02,-2.6979802176e-02,-7.3372502811e-03,8.2431752235e-03,3.9663970470e-02,-4.7760590911e-02,1.4477666467e-02,4.8877336085e-03,4.3195439503e-03,5.9055320919e-02,2.0262770355e-02,1.9330352545e-02,-1.5767099336e-02,-2.9942682013e-02,-1.6352560371e-02,-3.2034765929e-02,-5.5562674999e-02,-2.8643123806e-02,3.9896082133e-02,1.2506046332e-02,1.2551581021e-03,-1.8518797588e-03,3.4825902432e-02,2.1936358884e-02,1.3151819818e-02,1.2956360355e-02,6.3356675208e-02,-4.0002301335e-02,-3.1903740019e-02,6.3359336928e-03,7.3805735447e-03
-3.5897884518e-02,-3.4589692950e-02,-3.3129848540e-02,4.5940004289e-02,4.8967171460e-03,5.8734146878e-03,2.4738999084e-02,-4.2831543833e-02,-2.9233131558e-02,-4.2224295437e-02,7.9867392778e-03,4.5970913023e-02,1.8253192306e-02,-1.1903198902e-03,-1.7059613019e-02,-6.3921481371e-02,-7.7035771683e-03,-2.8718855232e-02,-1.6929415986e-02,4.7091502696e-02,3.7942766212e-03,1.6053404659e-02,4.0743462741e-02,4.2296398431e-02,6.5435476601e-02,1.0953733698e-02,-4.0907454677e-03,9.6460087225e-03,5.8258110657e-03,4.3481197208e-02,1.9508417696e-02,9.9184298888e-03,4.3744295835e-03,-4.2773082852e-02,-2.4840153754e-02,8.4931943566e-03,5.0343513489e-02,3.0207622796e-02,1.7094934359e-02,-1.1323099956e-02,2.0790742710e-02,2.2780878469e-02,-2.0280905068e-02,6.1413399875e-02,-6.4465017058e-03,-4.8716277815e-03,2.5476019830e-02,4.5907430351e-02,-1.6323106363e-02,1.5000206418e-02,-4.0806632489e-02,1.3591305353e-02,-1.8019963056e-02,-1.0193563066e-02,-1.1418806389e-02,2.4124845862e-02,9.1177284718e-02,-5.2156805992e-02,3.0948934727e-04,3.3463686705e-02,6.7298620939e-02,4.7308075591e-04,-2.3875819519e-02,3.4487754107e-02,5.1836706698e-03,-6.2087713741e-03,1.9741825236e-04,7.2360849008e-03,-4.8312716186e-02,4.5081447810e-02,-3.9880494587e-03,3.7652179599e-02,1.3726950623e-02,4.0252726525e-02,-8.7979882956e-02,-2.7525532991e-02,8.4762498736e-03,-1.0365677997e-02,8.6097363383e-03,2.8396332636e-02,1.4748922549e-03,8.7383184582e-03,4.0601905435e-02,4.1105854325e-03,3.5675525665e-02,7.4543640949e-03,8.0732237548e-03,-2.4047955871e-02,-4.3345582671e-03,2.6697695255e-02,-4.6445604414e-02,-2.6451746002e-02,-2.2604365367e-03,-2.3702235892e-02,3.6406435072e-02,-3.5164121538e-02,-1.6352497041e-02,1.5692947200e-03,-6.4393905923e-03,-2.2293372080e-02,4.6035991982e-03,7.0472791791e-02,-6.9546997547e-02,2.1776882932e-02,-4.5383293182e-02,3.2370735426e-03,4.9146264791e-02,2.3187613115e-02,1.9874755293e-02,-2.1833758801e-02,-3.3364742994e-03,3.0217349995e-03,-3.9379213005e-02,-3.3040892333e-02,-5.0614774227e-02,-3.2521855086e-02,3.2347403467e-03,8.8149094954e-03,-5.6501813233e-03,1.1271446012e-02,2.2115170956e-02,-1.1474994011e-02,1.2839691713e-02,1.8026271835e-02,-1.1202473193e-02,2.6687586680e-02,1.2657474726e-02,-8.9658163488e-03
-5.1847722381e-02,1.0769978166e-02,-3.9258476347e-02,6.8726904690e-02,2.2442188114e-02,2.9750445858e-02,3.4680571407e-02,-1.1271511205e-02,-9.7459502285e-05,-3.9517786354e-02,2.7188356966e-02,5.7941928506e-02,-1.1004916392e-02,-1.0980919003e-02,-3.5870138556e-02,-5.1198419183e-02,-5.7382299565e-03,3.3975061961e-03,1.9954947755e-02,-5.8004967868e-03,-2.3921772838e-02,1.2246053666e-04,4.2138159275e-02,2.6629276574e-02,3.2173700631e-02,-2.2477859166e-03,4.7064041719e-03,5.4972739890e-03,3.3053249121e-02,6.0266409069e-02,-8.8555039838e-03,1.4712475240e-02,-1.0197980329e-02,-2.9019443318e-02,1.6564449761e-03,2.5511685759e-02,3.1847100705e-02,2.8904691339e-02,-2.2720051929e-02,-1.7876472324e-02,2.9874647036e-02,4.1470439173e-03,4.2435158975e-03,4.9368932843e-02,-2.5661719963e-02,-2.7781259269e-02,1.0794356465e-02,2.1162785590e-02,-1.0423382744e-02,4.6141483472e-04,-8.0761769786e-03,-3.4436602145e-03,-1.7395885661e-02,-3.1740915030e-02,-3.3693384379e-02,7.3259244673e-03,-1.4065394178e-02,-3.4582532942e-02,4.9622189254e-02,-2.7695426717e-02,4.4859249145e-02,-4.4723216444e-02,-9.4204470515e-03,1.4935343526e-02,1.7381379381e-02,-1.5227032825e-02,1.6334224492e-02,-1.5136500821e-02,-4.5021153986e-02,1.0644817958e-03,-2.9036113992e-02,6.2684938312e-02,6.4833210781e-03,3.5311397165e-02,-9.7291298211e-02,-2.7829471976e-02,1.1700702831e-02,-2.5127975270e-02,-4.1709352285e-02,2.4607710540e-02,-5.2156718448e-03,3.1565606594e-02,8.1029415131e-02,2.1964898333e-03,2.6803951710e-02,2.7276528999e-02,1.3143872842e-02,-7.5467652641e-03,1.5994742513e-02,1.8143588677e-03,7.8023527749e-03,-5.2575189620e-02,-3.7748792674e-03,1.0107016191e-02,1.4918764355e-03,-2.3240432143e-02,-2.1535204723e-02,-8.0523211509e-03,-1.9182227552e-02,-2.3805918172e-03,-3.5632976796e-03,4.5120049268e-02,-2.9019836336e-02,3.5484772176e-02,-2.6127740741e-02,-1.7777267843e-02,-6.1628511176e-03,1.6529019922e-02,-1.7139948905e-02,-9.2512490228e-03,-5.1308958791e-03,4.1051384062e-02,-1.9751746207e-02,-3.9667367935e-02,-4.3655402958e-02,-1.8510770053e-02,6.0858433135e-03,-1.8699787557e-02,-5.1566511393e-02,2.6139037218e-03,3.4423507750e-02,-3.8485802710e-02,-1.5645846725e-02,4.1232118383e-03,-6.8540927023e-03,3.1726621091e-02,-3.1988114119e-02,-1.2477877317e-03
-5.1337394863e-02,3.1765848398e-03,-3.1538497657e-02,2.9115090147e-02,2.7654450387e-03,2.9974607751e-02,1.3288393617e-02,-8.1868795678e-03,2.7876826003e-02,-3.4715160728e-02,3.2249476761e-02,8.7454289198e-02,-3.3046629280e-02,-5.3534926847e-03,3.4358378500e-02,-6.0044951737e-02,2.5754857808e-02,2.2333504632e-02,-1.2207536027e-02,-3.4596141428e-02,-2.2492045537e-02,-3.6558482796e-02,2.8532166034e-02,3.3164266497e-02,5.6816905737e-02,3.6829333752e-02,5.4342873394e-02,2.8101047501e-02,2.9414191842e-02,3.0376702547e-02,-1.2385400943e-02,1.3444757089e-02,-1.3278228231e-02,-1.5758540248e-03,-2.6505116373e-02,2.8471879661e-02,6.2714107335e-02,2.0007701591e-02,-1.3970105909e-02,1.7500540242e-02,2.6949532330e-02,-2.7875648811e-02,4.0983904153e-02,4.6767167747e-02,-6.3742161728e-03,1.3769068755e-03,-1.7809303477e-02,-2.3892160505e-02,-1.0903662071e-02,3.2609533519e-02,-8.4348786622e-03,-7.7010700479e-03,1.4574394561e-02,-7.7794184908e-03,-2.2385589778e-02,2.3671610281e-02,3.9440542459e-03,-2.6156514883e-02,4.4427342713e-02,2.0533744246e-03,1.2351619080e-02,-1.6097247601e-02,-2.3096939549e-02,1.1429251172e-02,1.1108021252e-02,-1.3054135256e-02,4.1026797146e-02,1.0737659410e-02,-2.9952041805e-02,1.4664341696e-02,-3.5085696727e-02,7.0529565215e-02,-2.5220792741e-02,1.1443842202e-02,-8.6384654045e-02,-3.1150970608e-02,-1.0644135065e-02,1.0144865140e-02,-2.2301492281e-03,7.5858864002e-03,1.0127320886e-02,4.7775909305e-02,4.8394266516e-02,-4.5494465157e-03,-1.9146783277e-02,3.0507043004e-02,3.5343777388e-02,-1.2821150944e-02,-1.4849863015e-02,1.6434621066e-02,4.4044271111e-02,-4.6972364187e-02,-1.0668802075e-02,2.5853559375e-02,2.3089278489e-02,-3.0443567783e-02,-4.9787126482e-02,-2.3349799216e-02,-3.3854190260e-02,3.2142054290e-02,9.9731469527e-03,1.4504084364e-02,4.9612252042e-03,-2.4933241308e-02,-2.1698171273e-02,-3.2989040483e-03,-1.1992433108e-02,8.0894902349e-03,-1.7249500379e-03,-4.5274153352e-02,2.5396326557e-02,3.4055128694e-02,-4.2128052562e-02,-4.0072996169e-02,3.8754960988e-03,-9.3037430197e-03,4.2053516954e-03,1.1642834870e-03,-5.1911052316e-02,-5.6644319557e-03,-1.8443059176e-02,6.6823572852e-03,-5.1339469850e-02,-2.0828926936e-03,2.3088205606e-02,4.9632075243e-03,-2.2061580792e-02,-7.3978449218e-03
-5.3511712700e-02,-1.8172169104e-02,-1.6415918246e-02,-1.5904973261e-03,-1.9700521603e-02,4.4983275235e-02,5.2905883640e-02,2.0006494597e-02,5.8083254844e-02,-1.5034567565e-02,5.3169265389e-02,7.4814632535e-02,-3.4231008030e-03,-3.7584216334e-03,3.3545322716e-02,-2.4158790708e-02,4.4375505298e-02,2.1736480296e-02,-1.5952680260e-02,-2.8549132403e-03,-6.2915915623e-03,6.3189893262e-04,7.0126620121e-03,3.4125357866e-02,-2.4231420830e-03,4.0129938861e-04,-6.6459886730e-03,9.0443780646e-03,-5.8299046941e-03,3.0430063605e-02,-1.5132599510e-02,1.8547182903e-02,4.9122483470e-03,4.1940260679e-02,2.3967770860e-02,-3.3980477601e-02,3.6515388638e-02,6.8201837130e-03,-9.9978432991e-04,5.8888532221e-02,-6.6265524365e-03,-1.7243189737e-02,3.1068094540e-03,3.9578475058e-02,-2.0419592038e-03,7.0727379061e-03,-1.7542000860e-02,-3.0387714505e-02,7.6576508582e-03,2.7964593843e-02,4.6880068257e-03,-3.4484054893e-02,-1.6285492107e-02,7.8429942951e-03,-1.4543843456e-02,2.6848167181e-02,-3.8396470249e-02,-6.5711676143e-03,1.7023729160e-02,-2.8695149347e-02,-5.6670192862e-04,1.1527785100e-02,-1.9055975601e-02,-8.8854189962e-03,-2.5475032628e-02,4.6895220876e-03,2.7951048687e-02,2.4855956435e-02,-1.3082051650e-02,4.1108168662e-02,6.5983063541e-03,6.2298506498e-02,-1.7605850473e-02,-1.3583617285e-02,-1.3389942050e-01,-7.2342097759e-02,-2.5754800066e-02,-3.4103270620e-02,2.5674456730e-02,-4.7219740227e-03,1.3057120144e-02,3.6011178046e-02,2.4141492031e-04,1.7216597917e-03,3.0101505108e-03,2.9031626880e-02,-7.5381174684e-03,-1.4428309165e-02,-2.2897936404e-02,3.5073947161e-02,3.1527098268e-02,-4.5767422765e-02,-1.6042500734e-02,2.9433900490e-02,-4.5340224169e-03,-1.3188272715e-02,3.7672079634e-03,-1.3887512498e-02,-3.1883262098e-02,5.2045850316e-04,-4.9938284792e-03,9.1888336465e-03,5.6987879798e-03,-1.2187493965e-02,-1.4980442822e-02,2.0400863141e-02,-2.6581643149e-02,1.7826916650e-02,-3.3520877361e-02,-4.8498407006e-02,3.5996194929e-02,2.5576611981e-02,-4.1575498879e-02,-7.6931603253e-02,1.7139157280e-02,-3.3168585505e-03,-1.0580508038e-02,5.2034873515e-03,-4.1779037565e-02,-1.9224151969e-02,-5.4556839168e-03,1.4631619677e-02,-1.6239600256e-02,-1.4094535261e-02,5.1380610093e-03,5.3469627164e-03,-3.2550603151e-02,-1.8553806469e-02
-1.5977863222e-02,-1.6683988273e-02,1.3121472672e-02,-1.5391568653e-02,-1.8550488167e-03,-2.7633890510e-02,3.4616492689e-02,3.7655342370e-02,4.1473887861e-02,-2.5717914104e-02,4.7244098037e-02,8.1337973475e-02,-3.2817479223e-02,-2.1095851436e-02,4.7937636264e-03,-3.5333700478e-02,3.1945157796e-02,1.0745773325e-03,-3.5056497902e-02,5.2489056252e-03,3.5051785409e-02,1.6362644732e-02,-1.5991704538e-02,-1.4792233706e-02,1.1245649308e-02,1.7525911331e-02,-2.6446040720e-02,-9.0047102422e-03,-6.1046490446e-03,-1.8618220929e-04,-1.3362682424e-02,9.6266940236e-03,2.1853439510e-02,5.3247194737e-02,2.9762810096e-02,2.7008957695e-03,4.3891727924e-02,-3.0275713652e-02,-1.7048699781e-02,-9.5660891384e-04,1.3920822181e-02,-1.9113965333e-02,6.8382243626e-03,2.3938041180e-02,-1.2923067436e-02,2.4605289102e-02,-6.7328296602e-02,-2.9432542622e-02,5.5572357960e-03,3.9940744638e-02,1.1691052467e-02,-6.6960914992e-03,-4.7547738999e-02,1.8917810172e-02,-1.0456444696e-02,-1.6902394127e-03,-2.0733105019e-02,-1.9483560696e-02,2.0735369995e-02,6.4186621457e-03,4.2806148529e-02,3.4162517637e-02,-4.9472402781e-02,2.3503256962e-02,-8.6212782189e-03,-4.6102954075e-03,1.9256591797e-02,-5.3193336353e-03,-1.5229574405e-02,2.3403627798e-02,3.9344422519e-02,6.1970192939e-02,2.6842115447e-02,-3.1408272684e-02,-9.8841093481e-02,-5.2361786366e-02,-2.9643762857e-02,-1.2979713269e-02,2.6530118659e-02,3.1519944314e-03,4.9762516282e-03,4.9888812006e-02,-9.6029033884e-03,-5.9750217944e-02,1.1010404676e-02,-9.0871891007e-03,-1.6980551183e-02,-3.0064035207e-02,-2.6761863381e-02,1.6857439652e-02,1.1221933179e-02,-1.3110007858e-03,-3.3187106252e-02,1.9528821111e-02,1.9132705405e-02,1.1976906098e-02,-1.3270071708e-02,-1.3610047754e-03,-2.1220196038e-02,-1.0037415661e-02,1.5713406727e-02,-1.3825138099e-02,3.7989780307e-02,-1.6827061772e-02,3.9198432933e-04,5.3003985435e-02,2.1501611918e-02,2.1438244730e-03,-8.9932614937e-03,-7.5851455331e-02,1.1051014066e-02,2.4915931281e-03,-9.4352103770e-03,-7.9158820212e-02,1.8839155091e-03,-2.0483242348e-02,1.7472954467e-02,3.1328119338e-02,4.0052947588e-03,1.1918196455e-02,-7.9919667915e-03,-1.9858462736e-02,-1.6669237986e-02,-3.3816725016e-02,1.9580949098e-02,-5.4011889733e-03,-1.5927528962e-02,-1.4700166881e-02
-6.0553546064e-03,-8.4626358002e-03,5.2326530218e-02,-6.2495239079e-02,5.9434742434e-04,3.4997664392e-02,9.8891863599e-03,4.1107438505e-02,1.7137046903e-02,-3.2076690346e-02,3.7074524909e-02,4.3557856232e-02,-1.9419999793e-02,-2.8701474890e-02,-2.3631637916e-02,-1.7575820908e-02,1.3117531314e-02,8.1383343786e-03,-1.1983046308e-02,-1.2385906884e-03,-5.6754434481e-03,1.2079711072e-02,1.8463950604e-02,-9.7477100790e-03,-8.9681992540e-04,8.7539554806e-04,-3.0890310183e-02,-2.1963585168e-02,-2.2091774270e-02,-1.7276754603e-02,-2.3652780801e-02,2.2034306079e-02,1.4734978788e-02,4.2367847636e-03,6.9022446871e-02,1.6746655107e-02,5.3756028414e-02,-3.2215841115e-02,4.3193637975e-04,2.2651366889e-02,-2.3026958108e-02,-3.1714215875e-02,5.3563104011e-03,-6.0422481038e-03,-2.8998320922e-02,1.5213751234e-02,-2.5092370808e-02,-3.2895661891e-02,2.5649426505e-02,8.3551499993e-03,-2.6773855090e-02,3.1480831094e-03,-2.2756354883e-02,-2.4394970387e-03,9.1037005186e-03,-1.3392651454e-02,2.4274937809e-02,-3.2599254046e-03,4.0519148111e-02,-2.5096755475e-02,6.1673529446e-02,6.4871045761e-03,-7.1966901422e-02,-1.2040118687e-02,-2.2382184397e-03,3.5650350619e-03,9.6635799855e-03,-2.5029847398e-02,-1.0389286093e-02,1.7632957548e-02,2.2419795860e-03,3.0459912494e-02,1.8451407552e-02,-1.4886319404e-03,-7.0323832333e-02,-6.3518159091e-02,-2.4908820167e-02,-1.1969269253e-02,5.2248302847e-02,1.0795590468e-02,7.4971793219e-03,4.3508358300e-02,-2.1573372185e-02,-6.2356960028e-02,1.7603695393e-02,1.8542142585e-02,5.9831035323e-03,-2.5074627250e-02,-6.5695061348e-03,2.6711745188e-02,-2.1986702457e-02,1.0418034159e-02,-3.0498640612e-02,-5.0160507672e-03,-1.5936198179e-04,2.1917685866e-02,2.1095279604e-02,1.3190741651e-02,2.1729853470e-03,-6.6870283335e-03,-2.8783274814e-02,-3.0986983329e-02,6.7136846483e-02,3.2055575401e-02,2.3810224608e-02,3.3489935100e-02,3.3295068890e-02,-7.2385757230e-03,-5.5737318471e-03,-2.5888802484e-02,-1.7099354416e-02,-2.3472335190e-02,-1.3255989179e-02,-4.0351163596e-02,-1.1753289960e-02,9.7411945462e-03,1.4172602445e-02,3.9728473872e-02,1.3521745801e-02,4.9706399441e-02,2.5431586429e-02,-2.3068593815e-02,-3.5813994706e-02,-4.8996987753e-03,3.0091680586e-02,-2.1829253063e-02,5.2507892251e-03,1.7744442448e-02
-6.6396757029e-03,-2.4418424815e-02,3.3670134842e-02,-1.8475791439e-02,1.7318414524e-02,-6.5243961290e-03,1.7093397677e-02,7.1681328118e-03,2.5732764974e-02,-3.2309051603e-02,-3.1715758145e-02,2.4529879913e-02,-4.4143170118e-02,1.6153232427e-03,7.6945493929e-03,-3.1346309930e-02,-3.4329619259e-02,3.2915824559e-03,-3.4781787544e-02,1.7955187708e-02,-1.0588983074e-02,3.9778288454e-02,2.5149298832e-02,1.0303749150e-04,2.1811692044e-02,1.2024372816e-02,-3.7779118866e-02,1.3555792160e-02,-2.1758355200e-02,-4.2479969561e-02,-8.5248267278e-03,-2.5642523542e-03,1.9988201559e-02,-2.9038993642e-02,8.6741745472e-03,1.5460887924e-02,4.1027788073e-02,2.2374745458e-02,2.8392046690e-02,2.5217900053e-02,-3.6103006452e-02,-2.7342867106e-02,-5.0744558685e-03,-2.0805248991e-02,-4.9980152398e-02,5.3393237293e-02,-7.7234515920e-03,-4.1214056313e-02,-8.0400370061e-03,1.1288164183e-02,-1.4570212923e-02,-1.1871431023e-02,1.3381126337e-03,1.8184827641e-02,7.9246964306e-03,-1.8847262487e-02,8.0223277211e-02,-2.8488964308e-03,1.9921194762e-02,-2.8215445578e-02,2.2869352251e-02,1.8852218986e-02,-6.0141652822e-02,3.0980869196e-03,-2.8904620558e-03,-5.9534604661e-03,4.5498032123e-03,-3.0948519707e-02,1.4929861762e-02,4.6374779195e-02,2.7663657442e-02,3.9858579636e-02,4.5643366873e-02,2.9190670699e-02,-3.5744838417e-02,-6.9126635790e-02,-5.2127460949e-03,-5.1753297448e-02,3.3911719918e-02,9.1329142451e-03,4.5944061130e-02,3.3832002431e-02,-1.9096799195e-02,2.4277861230e-03,1.9008507952e-02,1.5874641016e-02,-2.9324103147e-02,-3.4388285130e-02,-1.4963988215e-02,3.2323148102e-02,-4.1981026530e-02,2.7848461643e-02,-6.0543557629e-03,-1.0386984795e-02,1.0674900375e-02,-3.0648189131e-03,3.0786544085e-02,2.4546088651e-02,1.7205845565e-02,-2.3739045486e-02,-1.7632070929e-02,1.8884349614e-02,6.3256509602e-02,1.5757136047e-02,-4.3501160108e-03,8.3099953830e-02,9.4542361796e-02,-2.6188610122e-02,1.6999643296e-02,-3.7046386860e-03,-2.2018510848e-02,-4.5253362507e-02,-1.4893488958e-02,-3.6020919681e-02,7.1639358066e-03,1.0137059726e-02,1.2053523213e-02,3.5771999974e-03,-1.5623429790e-02,3.9255347103e-02,3.0680187047e-02,-2.4055823684e-02,1.8435431644e-02,1.1043651029e-02,-8.7567121955e-04,-3.7002898753e-02,-3.1851977110e-02,-1.2052857783e-03
1.2272424065e-02,5.3916708566e-03,4.1399735957e-02,3.9549514651e-02,3.5806655884e-02,7.5234360993e-03,1.6896279529e-02,-2.9605653137e-02,5.6710906327e-02,-5.1813270897e-02,-2.4507578462e-02,1.1246338487e-02,-1.4645753428e-02,-1.5756526962e-02,8.1203747541e-03,-3.7221256644e-02,-4.6379968524e-02,1.0685718618e-02,-9.4868652523e-03,8.2748960704e-03,2.4651249405e-03,3.9042178541e-02,5.3050309420e-02,4.0826182812e-03,1.2384103611e-02,2.5489297695e-04,-3.6141388118e-02,-6.0663250042e-04,-2.8597012162e-02,-3.2514404505e-02,-7.7408496290e-03,2.2637611255e-02,2.8294622898e-02,-3.6734715104e-02,3.5569244064e-03,2.7354998514e-02,8.6150011048e-03,-1.5402221121e-02,-4.7983485274e-03,-1.4265958220e-02,-5.1126061007e-03,-5.0906743854e-02,-8.9420266449e-03,-8.5232006386e-03,-1.5708575957e-03,2.3432746530e-02,-1.7588391900e-02,1.3069017790e-02,-2.2675598040e-02,-1.3081314042e-02,-1.4843231067e-02,-2.6025394909e-03,5.4760081694e-03,-2.2961320356e-02,2.8774814680e-02,-4.0020249784e-02,6.1471998692e-02,-3.3830184489e-02,1.1351491325e-02,-1.8562709913e-02,4.9858909100e-02,-3.4532330930e-02,-2.0299004391e-02,3.0715882778e-02,5.1152263768e-03,-1.0561171919e-02,-3.7936929613e-02,-4.0357936174e-02,-1.4853486791e-02,4.1605081409e-02,2.5465155486e-03,1.8192335963e-02,3.0993076041e-02,1.6656262800e-02,-5.1337201148e-03,-3.9849057794e-02,-6.6513414495e-03,-3.3901408315e-02,-1.3904022984e-02,2.3663481697e-02,4.1440863162e-02,2.6355616748e-02,-1.3485488482e-02,-1.0325714946e-02,-9.1490527848e-04,-1.3246039860e-02,-9.1497385874e-03,-4.8426926136e-02,2.4930195883e-02,6.9728411734e-02,-2.3764314130e-02,-1.1781061068e-02,-1.5553182922e-02,2.9480603989e-03,2.1138053387e-02,-1.0342583992e-02,3.3948715776e-02,-1.4197617769e-02,4.5489709824e-02,8.2104988396e-03,1.6160264611e-02,1.8956819549e-02,5.1042769104e-02,6.8459428847e-02,-2.3880118504e-02,1.6901997849e-02,5.3506623954e-02,-1.2721280800e-03,3.9247564971e-02,-2.6902729645e-02,-3.5112179816e-02,-3.5105679184e-02,8.5785025731e-03,-2.0761912689e-02,2.3670686409e-02,3.5583443940e-02,2.2459855303e-02,-1.9778998569e-02,2.3245180026e-02,4.8372793943e-02,2.7666009963e-02,-8.2027889788e-02,1.1500774883e-02,-9.5503814518e-03,-1.4298164286e-02,-4.1674911045e-03,-2.7021475136e-02,1.2242003344e-02
-3.0787719414e-02,-4.1681796312e-02,2.3017225787e-02,6.1805009842e-02,2.1061350126e-03,3.9687972516e-02,-2.4362213444e-03,-5.9064459056e-02,1.1588186957e-02,-5.2505355328e-02,5.0791958347e-03,-9.7945742309e-03,2.4538250640e-02,-8.2933548838e-03,5.4039888084e-02,-7.5961329043e-02,6.4625742380e-04,-2.4804744869e-02,-2.8682913398e-04,-1.0868904181e-02,3.6765537225e-03,1.3751979917e-02,3.9425011724e-02,3.6184929311e-02,1.3402300887e-02,3.6024134606e-02,-1.7922678962e-02,-9.7346622497e-03,-2.3042559624e-02,-4.4149674475e-02,-7.4634244666e-03,-9.1986125335e-03,3.0434144661e-02,-1.4939094894e-02,2.4713769555e-02,-3.0862533022e-03,-2.8881832957e-02,1.8619123148e-03,-5.9408447705e-03,-2.6983391494e-02,-4.2004301213e-03,-4.7628503293e-02,-1.5991363674e-02,-1.6351366416e-02,-6.1850915663e-03,3.9430078119e-02,-1.8426064635e-03,8.1135863438e-03,-3.8818322122e-02,-1.5279087238e-02,7.0466478355e-03,-1.7651492730e-02,-3.9090155624e-03,-9.7458958626e-03,-1.3771522790e-02,-3.3340610564e-02,3.4756146371e-02,-2.3047644645e-02,1.7254700884e-02,-2.4179525673e-02,3.4083385020e-02,-4.5912809670e-02,-3.4825515002e-02,4.5570384711e-02,2.9576193541e-02,1.0789256543e-02,-1.5960099176e-02,-4.0709692985e-02,-1.7802327871e-02,2.7510488406e-02,-1.7965395004e-02,-1.1306641623e-02,-2.4587444495e-03,2.3283730261e-03,-7.1689183824e-03,-4.3885435909e-02,-3.6907517351e-03,-3.8713313639e-02,2.3570340127e-03,9.6457544714e-03,3.9591964334e-02,-1.1335670017e-02,-3.5212580115e-02,-2.8090300038e-03,2.4870570749e-02,-6.6529837204e-04,-7.0398245007e-03,-5.0761383027e-02,1.3535249978e-02,3.0660022050e-02,-2.9176859185e-02,-2.0074620843e-03,-1.7890997231e-02,-1.5437877737e-02,-1.1813034303e-02,-2.2948043421e-02,3.6019936204e-02,-2.1278984845e-02,4.1202731431e-02,1.0772530921e-02,-2.4941038340e-02,3.2133717090e-02,-7.2757485323e-03,7.8419834375e-02,1.5380359255e-02,1.8305344507e-02,5.0451140851e-02,1.7731251195e-02,-1.1438474990e-02,2.8102356941e-02,-2.5610132143e-03,-4.2218822986e-02,-3.2116103917e-02,-3.0591601506e-02,5.1654130220e-02,3.0730221421e-02,3.1058477238e-02,-1.0486331768e-02,-1.7196355388e-02,2.3830665741e-03,3.2594807446e-02,-9.5124557614e-02,1.7966009676e-02,-2.1950360388e-02,1.5280826483e-03,-1.0393556207e-02,-1.9980167970e-02,1.4880044386e-02
-3.9269817062e-03,-4.2427811772e-02,-1.0831451975e-02,8.7296701968e-02,-3.1879071146e-02,3.6448594183e-02,6.1505790800e-03,-3.6608051509e-02,-7.9265944660e-03,-3.0997028574e-02,1.2440529652e-02,4.9621970393e-03,3.6239787936e-02,1.5437013470e-02,4.5507974923e-02,-7.4905306101e-02,-1.5871284530e-02,-3.7837957498e-03,5.2949259989e-03,7.6225944795e-03,1.1453386396e-02,-4.2792707682e-03,1.2340453453e-02,-9.7711915150e-03,6.3368037343e-02,5.3345300257e-02,1.2180736521e-03,-6.4165267395e-04,-3.8466136903e-02,-3.7015020847e-02,8.9442459866e-03,-1.4292847365e-02,-1.6119068488e-02,2.3977807723e-03,2.1277902648e-02,-4.4075120240e-03,-5.4485001601e-03,-1.8775101751e-02,1.6166534275e-02,-6.5117098391e-02,-1.3111683540e-02,-3.3485256135e-02,4.0110759437e-02,-2.4341549724e-02,-5.3671747446e-03,3.7082783878e-02,-5.0336290151e-02,9.6783684567e-03,-5.3302884102e-02,5.6551243179e-03,2.2488981485e-02,-1.6091411933e-02,-2.7230033651e-02,-1.4605385251e-02,-2.0778488368e-02,-2.3746773601e-02,1.4828814194e-02,-2.7614006773e-02,-8.0486759543e-03,-1.7198907211e-02,4.8458732665e-02,-3.6336634308e-02,-5.1224201918e-02,7.0571498945e-03,5.5926609784e-02,-9.8946914077e-03,-2.2521227598e-02,-9.3959756196e-03,-1.3257521205e-02,-3.7480469327e-03,-4.0570829064e-02,2.8511972632e-03,-1.6880182549e-02,-1.9641889259e-02,-1.0069451295e-02,-2.2490795702e-02,-3.5078685731e-02,-3.3385876566e-02,-6.9593414664e-03,-7.7455089195e-04,-1.3718113303e-02,-2.4856170639e-03,-3.2931324095e-02,-1.4116471633e-02,-1.4994340017e-03,-1.2049145997e-02,-1.2652697042e-02,-4.3453708291e-02,1.7525412142e-02,4.7720771283e-02,-6.9562301040e-02,-1.8869541585e-02,-3.9392661303e-02,-6.3864775002e-03,-5.1052072085e-03,-1.6815202311e-02,-3.1799871475e-02,-8.0149546266e-03,1.3360994868e-02,9.1734947637e-03,-3.2666597981e-03,3.2475836575e-02,-5.5106414948e-04,4.6118333936e-02,2.6782859117e-02,2.6754846796e-02,6.3294224441e-02,2.0029110834e-02,5.0428300165e-03,1.5143710189e-03,8.1767756492e-03,-2.2934911773e-02,8.3437319845e-03,-1.7066875007e-03,9.9136708304e-03,-6.8164789118e-03,2.5215387344e-02,-1.7048658337e-03,4.2721576989e-02,1.1154809035e-02,1.6203492880e-02,-6.4356707036e-02,8.7751820683e-03,-3.2288867980e-02,-1.1249828152e-02,1.3750668615e-02,6.9455076009e-03,-2.2655710578e-02
1.7103989376e-03,-1.5597482212e-02,-1.7222642899e-02,6.8897351623e-02,-1.1022391729e-02,8.1105262041e-02,2.2664804012e-02,-2.2487320006e-02,-2.2214358672e-02,-8.1109767780e-03,9.6456572646e-04,-2.5360362604e-02,3.2427545637e-02,3.7009190768e-02,4.1343141347e-02,-7.3862232268e-02,-1.0481685400e-02,5.1580490544e-03,8.0239288509e-03,1.4856570400e-02,-1.2458969839e-02,-5.1812841557e-03,6.5942890942e-02,9.2432629317e-03,5.3270891309e-02,-1.0522414930e-02,2.0765189081e-02,-1.4976332895e-02,-2.9120698571e-02,1.3902716339e-02,3.4655939788e-02,4.2983181775e-03,-2.2939560935e-02,-7.1551377187e-04,5.6466609240e-02,1.3530851342e-02,2.8986990452e-02,3.3034123480e-02,3.8700506091e-02,-4.7214969993e-02,-2.4618696421e-02,5.0740386359e-03,5.3416799754e-02,-9.5242680982e-03,-1.8463622779e-02,7.5312303379e-03,9.7474530339e-03,5.8183427900e-03,-2.5577912107e-02,4.0406160988e-03,1.5420714393e-02,-2.3447962478e-02,-1.6087330878e-02,-1.6711143777e-02,-2.5476703420e-02,-9.5505835488e-03,3.5579623654e-03,-3.5373030696e-03,1.2551004998e-02,-7.3683308437e-03,5.7166252285e-02,-5.0507571548e-02,-3.1573999673e-02,-9.2156752944e-03,4.4108860195e-02,-5.5447511841e-04,-1.4165349305e-02,4.1890083812e-03,4.7485739924e-03,1.1069442844e-03,-1.7337305471e-02,-6.5222438425e-03,-3.0654549599e-02,2.9429038987e-03,-4.1539948434e-02,-2.3366812617e-02,-1.4607835561e-02,-1.8041098490e-02,1.9399911165e-02,-1.4067159966e-02,-2.5804320350e-02,-3.3110223711e-02,-1.1217717081e-02,-5.4485439323e-03,1.6633542255e-02,1.2250496075e-02,-3.2653558999e-02,-3.8979377598e-02,-4.7446489334e-03,1.2744808570e-02,-8.5856258869e-02,1.5614354983e-02,-2.1715061739e-02,2.7260228992e-02,-3.0530165881e-02,1.6992703080e-02,-3.9639037102e-02,2.6620352641e-02,2.5313099846e-02,-1.4113179408e-02,-5.3496449254e-03,2.7565360069e-02,9.9736731499e-03,5.6782010943e-02,3.4544952214e-02,2.3504944518e-02,3.8015155587e-03,-1.9022932276e-02,-1.0379250161e-02,3.1277451664e-02,-4.6686753631e-03,2.9730095994e-03,2.3373086005e-02,-8.1006409600e-03,-1.1810555123e-02,-5.1689012907e-03,7.6249134727e-03,1.1108935811e-02,6.3083735295e-03,2.1144539118e-02,2.8477914631e-02,-3.0544463545e-02,-1.2451193295e-02,1.2950708158e-02,2.3005058989e-02,2.4243723601e-02,2.1541194990e-02,-7.7539482154e-03
