-1.3553382158e+00,-3.7384018302e-01,3.6248724461e+00,-7.9547554255e-01,5.8957779408e-01,-1.4205927849e+00,4.3493941426e-01,1.0581550598e+00,1.6345889568e+00,-2.5850066543e-01,-4.5247733593e-01,2.2888164520e+00,-1.8083620071e+00,-4.0108568966e-02,2.1335699558e+00,-3.7931534648e-01,-3.8302809000e-01,1.1135655642e+00,4.0614145994e-01,6.0587191582e-01,1.3511892557e+00,-6.2054079771e-01,1.1103577614e+00,9.0731360018e-02,3.3054387569e-01,-1.2249381542e+00,5.3936347365e-02,1.0362004042e+00,-1.7671902478e-01,6.3307708502e-01,8.1203240156e-01,-1.9404944181e+00,-9.0357804298e-01,-1.5856063366e+00,7.8878611326e-01,1.0950063467e+00,-2.2487583160e+00,-7.4600294232e-02,-1.8914697170e+00,2.7058586478e-01,1.4932528734e+00,-3.2445394993e-01,2.5584346056e-01,2.1819176674e+00,-7.3773974180e-01,1.3881270885e+00,5.3763377666e-01,-5.5665755272e-01,6.6807228327e-01,-1.0026048422e+00,1.0844594240e+00,3.3350324631e-01,1.4021046162e+00,-2.6795337200e+00,-4.2848145962e-01,-1.3466413021e+00,-3.6116876602e+00,-1.2962653637e+00,-1.0743962228e-01,1.2870922685e-02,8.5000222921e-01,-1.0444936156e-01,1.8330253363e+00,1.0210286826e-01,-1.7158217430e+00,-6.9939541817e-01,-2.4880939722e-01,-1.3049572706e+00,-3.0458588600e+00,-3.8317969441e-01,2.3363656998e+00,2.3708493710e+00,1.8569706678e+00,-6.3335502148e-01,2.7070862055e-01,1.2493938208e+00,-3.5211133957e-01,1.7464850843e-01,1.1178075075e+00,-1.0134625435e+00,-1.8327213526e+00,6.5420143306e-02,-1.1662878990e+00,-1.2863911390e+00,-9.9059987068e-01,-8.6789846420e-01,-1.2225844860e+00,-6.0407292843e-01,-2.3820550740e-01,3.5442806780e-02,-1.9519059658e+00,4.6191173792e-01,6.5180343390e-01,3.0848205090e-02,9.4936406612e-01,6.9567888975e-01,-5.4339790344e-01,1.6736822128e+00,1.5569740534e+00,3.2842668891e-01,1.3535770178e+00,4.8137679696e-01,-8.5520190001e-01,2.6270227432e+00,2.4049712718e-01,-4.7896924615e-01,3.2502710819e-02,-1.1940553784e-02,-1.1720016003e+00,-9.1405093670e-01,-2.5785820484e+00,1.1262983084e-01,3.5221305490e-01,-1.4025747776e-01,-1.5866420269e+00,-7.8181880713e-01,4.1193878651e-01,1.5128463507e+00,6.8424694240e-02,-1.6325154305e+00,-8.5926187038e-01,-1.0329953432e+00,-5.4965877533e-01,2.1340928078e+00,2.6650598645e-01,1.7962507010e+00,3.0374997854e-01,-3.4716546535e-01
1.2985798120e+00,-7.4067944288e-01,-4.0857052803e-01,-1.2607148886e+00,-5.7284033298e-01,1.7071787119e+00,-1.4260452986e-01,-1.2707939148e+00,7.3568952084e-01,-6.6965079308e-01,-3.2894065976e-01,3.0254421234e+00,-3.5578398705e+00,6.1077761650e-01,-4.1040802002e-01,-1.7310271263e+00,-3.0548173189e-01,-4.5077344775e-01,2.1062130928e+00,5.2547413856e-02,-9.1246461868e-01,7.9342508316e-01,1.0764060020e+00,1.0079538822e+00,-1.3805476427e+00,-1.4272636175e+00,2.0568054914e-01,7.8713810444e-01,-4.2811411619e-01,-1.4362413883e+00,-2.4209189415e+00,-2.0658502579e+00,-2.0143542290e+00,-3.5425999761e-01,1.5414513350e+00,1.0153876543e+00,4.4050830603e-01,-4.1652411222e-01,-1.1737849712e+00,-1.2963085175e+00,5.5336225033e-01,3.8165244460e-01,4.6637222171e-02,1.0720624924e+00,1.2905323505e+00,1.6283141375e+00,-2.3074259758e+00,3.5896822810e-03,8.2969993353e-01,-2.7626063824e+00,5.3897559643e-01,1.4433815479e+00,1.0538260639e-01,-2.6680862904e+00,-1.6083912849e+00,2.2110400200e+00,-3.7078447342e+00,3.2324397564e-01,-7.0257678628e-02,-8.8031184673e-01,1.2585671246e-01,-6.6806602478e-01,1.1813882589e+00,-1.0533174872e-01,-1.6931805015e-01,8.2630527020e-01,-4.7348350286e-01,-1.9774242640e+00,1.0089588165e+00,-1.2514824867e+00,9.2058897018e-01,2.3069357872e+00,1.5518038273e+00,3.7859249115e-01,-3.9173403382e-01,1.3478490114e+00,1.3560698926e-01,1.6380977631e+00,4.9792116880e-01,-1.2870514393e+00,-6.8405586481e-01,-4.8224246502e-01,-8.1537187099e-01,5.4220326245e-02,-1.0358762741e+00,1.3651660681e+00,-1.7304654121e+00,-8.3603918552e-01,-1.5165954828e+00,-1.0946998596e+00,-9.1155797243e-02,1.1035807133e+00,-1.6576126218e-01,8.6243885756e-01,3.5282492638e-01,-8.9492565393e-01,1.2133162022e+00,7.2406280041e-01,2.0939841270e+00,-1.1717220545e+00,9.8154389858e-01,1.3095566034e+00,1.0877693892e+00,1.2372627258e+00,1.0409032106e+00,-3.8882723451e-01,1.9865669012e+00,-3.4505933523e-01,-5.4197353125e-01,3.3907768130e-01,-3.7218856812e+00,-7.8397311270e-02,-2.6911544800e-01,-5.6358182430e-01,9.4495743513e-02,1.6004964113e+00,1.6061609983e-01,-1.4667704701e-01,2.4151020050e+00,1.4827611446e+00,-3.0525934696e-01,-5.9361743927e-01,1.3609639406e+00,5.5659210682e-01,8.4852272272e-01,-6.6739815474e-01,1.6073846817e-01,1.4184159040e+00
-9.5793044567e-01,1.3984129429e+00,2.7687926292e+00,8.2118368149e-01,3.0439022183e-01,1.9094578028e+00,1.3904159069e+00,1.3864943385e-01,1.1725330353e+00,3.6780297756e-01,-7.2815501690e-01,6.2306833267e-01,2.3876613379e-01,-1.6432794929e-01,5.7781690359e-01,-1.0896065235e+00,1.6928763390e+00,8.6105287075e-01,9.4143259525e-01,-8.4228998423e-01,1.5142433643e+00,-1.4652192593e-02,1.2006189823e+00,-1.9333775043e+00,7.6478892565e-01,-2.0347783566e+00,-8.6634153128e-01,1.4354891777e+00,-2.0375287533e+00,-5.1263582706e-01,1.2398257256e+00,-7.3129642010e-01,1.2886794806e+00,-2.9818668365e+00,-7.6285183430e-01,1.3527024984e+00,-1.0025775433e+00,-1.4257522821e+00,6.7743146420e-01,2.7755880356e-01,-6.7483234406e-01,2.3845446110e+00,3.2090485096e-02,7.7039158344e-01,-2.0408790112e+00,7.2299671173e-01,1.7592005432e-01,-1.0500017554e-01,1.5534470975e-01,-5.8042061329e-01,-2.1812460423e+00,3.1746959686e-01,8.0148661137e-01,-8.3088183403e-01,8.0500322580e-01,9.0303605795e-01,-1.7511035204e+00,4.9428811669e-01,1.3937399387e+00,-1.4201465249e-01,-1.0764958858e+00,-1.0257828236e-01,-7.5530827045e-01,-7.4926668406e-01,-6.0038399696e-01,1.1550064087e+00,-2.2980222106e-01,3.7266366482e+00,-1.1572992802e-01,-1.7023004293e+00,1.0619682074e+00,-3.9997261763e-01,8.0297157168e-02,-1.1468362808e+00,3.3789449930e-01,-1.2371059656e+00,4.0904492140e-01,-2.3700816631e+00,4.0779304504e-01,1.1249395460e-01,1.8264933825e+00,-7.7457952499e-01,-4.3554353714e-01,4.0586653352e-01,-5.3302812576e-01,-3.4301054478e+00,1.5310956538e-01,-3.7546128035e-02,1.4548645914e-01,2.8723123670e-01,-1.1446952820e+00,2.2232463956e-01,2.4891161919e+00,-2.2089017928e-01,-5.7420891523e-01,-9.1141331196e-01,-6.1009591818e-01,4.2215138674e-03,-1.1972662210e+00,-1.0608520508e+00,-4.1178354621e-01,-3.8329179287e+00,-3.5101443529e-01,-6.5971064568e-01,4.3539041281e-01,1.0479102135e+00,-8.1992864609e-02,-1.3608922958e+00,7.8507488966e-01,-5.7142663002e-01,9.3365591764e-01,-6.6526412964e-01,-5.3944659233e-01,2.4357235432e+00,8.6426150799e-01,1.2058269233e-01,6.7694556713e-01,-3.0143761635e-01,-1.9894210994e-01,-9.0815204382e-01,-1.7031766474e-02,2.2282633185e-01,-7.7296626568e-01,1.8920125961e+00,-3.8411474228e-01,1.9447673559e+00,-1.8017810583e-01,-8.6208119988e-02
1.0180217028e-01,-5.3647148609e-01,1.6988272667e+00,-4.4159382582e-02,-2.2785356045e+00,-9.3852460384e-02,-3.2224990427e-02,9.0679556131e-02,7.0640480518e-01,-7.8781592846e-01,-3.7825435400e-01,-1.8331289291e-01,6.8585795164e-01,-3.1140409410e-02,5.8513581753e-01,2.1986994743e+00,1.1496033669e+00,1.4639726877e+00,1.0067957640e+00,-1.4695171118e+00,-1.2598055601e+00,1.2907478809e+00,-7.4373185635e-01,-1.4879842997e+00,-1.3911489248e+00,-2.0202388763e+00,7.9911100864e-01,2.2895557880e+00,-1.5080878735e+00,1.3762431145e+00,1.4487270117e+00,3.1921431422e-01,-1.4508875608e+00,-1.9045369625e+00,1.4330426455e+00,-1.3906542063e+00,-2.2910108566e+00,1.3387398720e+00,3.7434083223e-01,5.8061254025e-01,-1.3183507919e+00,1.3248691559e+00,-8.4854531288e-01,1.5594574213e+00,-7.4776506424e-01,9.5675671101e-01,-5.1486712694e-01,7.1477079391e-01,-5.7554197311e-01,-1.2451689690e-01,-1.6720936298e+00,-7.3151767254e-01,2.9158455133e-01,-2.3906378746e+00,-2.1162271500e+00,2.6451532841e+00,-1.7241342068e+00,1.6874835491e+00,1.0701658726e+00,8.9091765881e-01,1.4628723860e+00,-1.1843940020e+00,-5.7813721895e-01,8.7772929668e-01,-1.9135921001e+00,3.6206859350e-01,-1.2093143463e+00,2.9290470481e-01,-7.5067961216e-01,-1.5700625181e+00,1.5267839432e+00,8.6883254349e-02,6.5800261497e-01,-5.3814202547e-01,-8.9130854607e-01,2.2137348652e+00,2.0809279382e-01,5.4899722338e-01,-1.3877142966e-01,-1.3385984898e+00,8.6084854603e-01,1.1964884996e+00,2.8165359497e+00,-2.8329908848e-01,1.2954220176e-02,-2.1796736717e+00,8.3600795269e-01,9.9205374718e-02,-2.0014235973e+00,-3.5055074841e-02,-2.0996727049e-01,-1.6328388453e+00,-6.3497859240e-01,6.9988167286e-01,-2.0059588552e-01,7.2797894478e-01,-1.0488584042e+00,2.7454960346e+00,-4.7426271439e-01,1.1377551407e-01,1.8312959671e+00,-1.2148413658e+00,6.4363878965e-01,2.9211030006e+00,-5.5834782124e-01,1.5534707904e-01,-1.3676307201e+00,5.7758033276e-01,1.1060670614e+00,-2.4730718136e-01,9.2344677448e-01,-1.2991333008e+00,8.0738341808e-01,3.2999396324e-01,1.0299413204e+00,-3.4526641369e+00,1.1385856867e+00,1.4182085991e+00,-3.1026756763e-01,-5.2226388454e-01,-6.1828577518e-01,-4.3637331575e-02,-2.2319164276e+00,6.8230444193e-01,-2.3518806696e-01,-8.9938867092e-01,-1.0600652695e+00,2.7231917381e+00
1.6178493500e+00,9.8344005644e-02,9.7146266699e-01,-9.2650306225e-01,-1.1477169991e+00,2.2372500896e+00,1.8003828526e+00,4.8311424255e-01,1.7383360863e+00,-1.2281032801e+00,2.4186141789e-01,1.4642635584e+00,2.6815554500e-01,-1.0961858034e+00,1.0750803947e+00,-1.4587489367e+00,-2.4353413582e+00,-9.5562362671e-01,-8.8432595134e-02,-1.5162321329e+00,-1.0311270952e+00,6.9712287188e-01,3.6521703005e-01,5.8410090208e-01,-8.0684024096e-01,-9.7652179003e-01,-3.0990390778e+00,1.1577365398e+00,-2.7670679092e+00,-2.4280793667e+00,-1.2781519890e+00,-8.9686781168e-01,-1.2625272274e+00,4.5348998904e-01,1.1270594597e+00,-4.4779056311e-01,9.6839118004e-01,2.6724773645e-01,-1.8419309855e+00,3.8238480687e-01,1.1206765175e+00,-4.6992561221e-01,-9.8823994398e-02,7.3741251230e-01,-2.6590082049e-01,-1.6450868845e+00,1.7299993038e+00,-1.0892360210e+00,1.0814745426e+00,-2.0186203718e-01,-2.4504646659e-02,1.6420917511e+00,-9.9927008152e-01,-2.2373628616e-01,1.1012241244e-01,1.5998424590e-01,-1.8244895935e+00,2.8014373779e-01,-1.3858877122e-02,-8.2844078541e-02,2.4761886895e-01,-1.7568376660e-01,1.4444731176e-02,3.2959198952e+00,5.3389894962e-01,-5.9494584799e-01,1.2338258028e+00,-1.6340099573e+00,7.0889329910e-01,-2.4211404324e+00,-1.1727099419e+00,1.0252079964e+00,-1.8842189312e+00,-1.0351809859e-01,1.9779095054e-01,8.6189925671e-01,-1.0943369865e+00,8.6624115705e-01,2.2659616470e+00,8.8353641331e-02,1.0655549169e-01,6.0748738050e-01,-1.3595305383e-01,-4.5771741867e-01,2.4613654613e-01,1.3444907665e+00,3.2889637947e+00,1.2443071604e+00,1.6799219847e+00,-1.0808298588e+00,1.3015388250e+00,-6.0924047232e-01,6.4090454578e-01,6.4280605316e-01,-9.1479051113e-01,-3.4229748249e+00,9.6422129869e-01,1.0996307135e+00,-2.8476423025e-01,1.2172875553e-01,-2.0845690370e-01,1.0021446943e+00,9.6504664421e-01,2.7102270126e+00,-3.6344462633e-01,-3.2973363400e+00,3.2932907343e-03,-2.4835586548e-01,1.4929287434e+00,5.6149190664e-01,3.8813650608e-03,4.9804618955e-01,-6.8921971321e-01,-3.3576583862e-01,-1.5256370306e+00,6.2438148260e-01,8.7089079618e-01,-2.1459529400e+00,-2.3367280960e+00,1.2374794483e+00,-8.9763045311e-01,-1.3347891569e+00,2.0130367577e-01,-2.8806963563e-01,8.4073996544e-01,-3.1266236305e-01,1.4543764293e-02,2.7828602791e+00
4.3317124248e-01,1.7660520077e+00,2.7974885702e-01,-1.3999841213e+00,3.3239734173e-01,2.5594418049e+00,-2.2650742531e-01,-1.0925366879e+00,4.2977261543e-01,-3.3296748996e-01,-3.5198712349e-01,2.1763333678e-01,-1.1501895189e+00,2.1844027042e+00,2.8104878962e-02,-1.8302886486e+00,-1.1404449940e+00,-2.8134324551e+00,-9.2768335342e-01,1.6852577925e+00,-1.1510069370e+00,4.1994166374e-01,4.0604615211e-01,4.7843542695e-01,-8.2082229853e-01,1.9733397663e-01,4.7607821226e-01,3.6450576782e-01,1.5787747502e-01,1.3617358208e+00,-2.6369254589e+00,-1.1521763802e+00,-1.8435648084e-01,-1.1721487045e+00,2.3233869672e-01,-5.5650728941e-01,-1.1032112837e+00,1.3578847647e+00,-1.3572539091e+00,-2.0840532780e+00,7.4469089508e-01,3.8172969222e-01,8.0790388584e-01,6.6013377905e-01,1.1619610786e+00,6.1337375641e-01,4.2554390430e-01,-1.9955885410e+00,4.4225454330e-03,4.4465780258e-02,1.5056139231e+00,-3.2122898102e-01,-9.0538221598e-01,1.5871524811e-02,-7.2664719820e-01,8.8146799803e-01,6.5287089348e-01,-9.1897374392e-01,-1.6627812386e+00,-2.2206730843e+00,9.1255855560e-01,-3.9514428377e-01,-4.2577785254e-01,7.9995626211e-01,-2.0734708309e+00,1.0475183725e+00,-4.1061848402e-01,-1.2879221439e+00,5.5795356631e-02,-2.7104985714e-01,-5.2341073751e-01,1.1078879833e+00,-1.3391345739e+00,1.5715407133e+00,4.7306954861e-01,4.2060250044e-01,-5.3432381153e-01,1.8305908442e+00,7.6952624321e-01,-2.5709443092e+00,9.5538759232e-01,2.8707569838e-01,-1.2785304785e+00,-7.7077871561e-01,-1.8750947714e-01,2.3711175919e+00,1.4101631641e+00,2.5204446316e+00,-2.8184443712e-02,-1.0042146444e+00,1.5724414960e-02,1.2406259775e+00,-6.9356322289e-01,-1.7550714016e+00,-1.0779228210e+00,-2.9730587006e+00,1.3971502781e+00,4.4191968441e-01,1.8857924938e+00,-1.2306969166e+00,1.8826329708e-01,2.7970738411e+00,1.3306901455e+00,4.8859778047e-01,2.0378105640e+00,-1.3343688250e+00,1.7388951778e+00,1.9255896807e+00,2.1156948805e-01,1.2509969473e+00,-2.0370125771e+00,-1.1986862421e+00,1.0245867074e-01,-1.1184693575e+00,-6.3329243660e-01,2.1213176250e+00,1.6298186779e-01,-1.3872047663e+00,-8.3384943008e-01,1.8036417961e+00,-1.9471250772e+00,-1.8561223745e+00,2.7955017090e+00,2.2713078558e-01,3.9181095362e-01,-1.4564267397e+00,-1.8730251491e-01,1.7321543694e+00
-1.0298243165e-01,1.5490477085e+00,3.2379598618e+00,5.2692365646e-01,-3.3278784156e-01,2.0043203831e+00,1.7701975107e+00,2.3624449968e-03,1.5080804825e+00,1.2468824387e+00,-3.9628177881e-01,5.3512409329e-02,-1.2428652048e+00,5.6450134516e-01,3.2536888123e-01,-6.9196003675e-01,7.3963785172e-01,1.1437853575e+00,1.8340963125e-01,-6.0493814945e-01,3.1047224998e-01,-4.3781423569e-01,9.2012614012e-01,-1.8339233398e+00,6.2877291441e-01,-1.5864477158e+00,-1.3878581524e+00,1.5355106592e+00,-1.9454462528e+00,2.9752320051e-01,1.5405935049e+00,-7.7803194523e-01,8.3994817734e-01,-2.8038823605e+00,-1.4424717426e+00,1.1080174446e+00,-7.9483759403e-01,-9.2290830612e-01,3.4742009640e-01,-3.6570060253e-01,-5.8710861206e-01,2.3092575073e+00,3.1725305319e-01,2.6178812981e-01,-1.3548280001e+00,-3.4224623442e-01,5.8355003595e-01,-6.0682278872e-01,3.0037641525e-01,-5.8903288841e-01,-2.8098683357e+00,9.7678363323e-01,9.8709392548e-01,-7.5504982471e-01,9.1735476255e-01,1.0627424717e+00,-1.3144341111e-01,3.7277245522e-01,1.3328404427e+00,3.7451602519e-02,-3.4095120430e-01,-6.6405609250e-02,-1.1055945158e+00,-1.4889286757e+00,-7.6682746410e-01,1.9477318525e+00,-4.1069054604e-01,3.7170391083e+00,-1.7251046896e+00,-1.7087634802e+00,5.3867036104e-01,8.9701014757e-01,-3.5536521673e-01,-5.5868750811e-01,9.0239548683e-01,-1.0120443106e+00,5.7074970007e-01,-2.1799094677e+00,3.1494951248e-01,6.4828425646e-01,1.4094555378e+00,-5.9270620346e-01,-3.9850038290e-01,1.4196440578e-01,-7.8539478779e-01,-3.0087232590e+00,5.7595735788e-01,3.5857284069e-01,1.0968849063e-02,1.0469458103e+00,-1.7269374132e+00,-3.0221933126e-01,2.1622166634e+00,4.3226832151e-01,-1.3426827192e+00,-1.3730183840e+00,-8.1460326910e-02,-9.9207198620e-01,-1.3878495693e+00,-9.9821722507e-01,-9.0422546864e-01,-3.5795607567e+00,4.6282613277e-01,-5.1628065109e-01,4.1653782129e-01,4.8161447048e-01,4.1716963053e-02,-8.7370347977e-01,6.0182517767e-01,-6.5179562569e-01,1.5153439343e-01,-2.2816212475e-01,-3.7504661083e-01,2.7330868244e+00,2.6663795114e-01,2.2119030356e-01,9.7313001752e-02,-8.6448627710e-01,-8.6582243443e-01,-4.9090903997e-01,4.3733948469e-01,5.5281049013e-01,-4.0797930956e-01,1.7915103436e+00,-7.4555516243e-01,2.1239991188e+00,8.8190412521e-01,7.1812629700e-02
1.6851418018e+00,-1.7177312374e+00,-2.1318224072e-01,2.2038474083e+00,-5.3341382742e-01,1.4958331585e+00,6.8063104153e-01,-6.2138390541e-01,1.7243980169e+00,9.1714513302e-01,-2.1707065403e-02,1.0522665977e+00,-1.5025842190e+00,-1.4082950354e-01,-1.1316862106e+00,-1.8777812719e+00,-9.7440016270e-01,5.9957540035e-01,1.0913442373e+00,6.6750115156e-01,-6.2009012699e-01,1.0930147171e+00,-6.4095687866e-01,-1.1331418753e+00,1.5894770622e+00,-1.7044484615e-01,-1.4166448116e+00,-3.2686799765e-01,-1.6809959412e+00,1.6649451256e+00,-4.3541288376e-01,1.7347992659e+00,-1.0282588005e-01,-9.6178942919e-01,-6.7002373934e-01,3.4822070599e-01,2.0471900702e-01,1.6453946829e+00,1.9646478891e+00,1.6290424764e-01,-2.1158311367e+00,1.6319967508e+00,-2.5687561035e+00,1.3935309649e+00,9.4636285305e-01,5.8505952358e-01,-1.1430060863e+00,3.8029643893e-01,2.5436384678e+00,-2.2027196884e+00,-1.8184373379e+00,6.4549863338e-01,1.8265047073e+00,-2.5788145065e+00,-1.6507228613e+00,1.6964021921e+00,2.5998333097e-01,-4.9464994669e-01,1.5597942472e-01,-9.8131346703e-01,-7.5138613582e-02,-1.1711957455e+00,-1.4635045528e+00,3.3601748943e-01,4.7719627619e-01,6.8579524755e-01,-1.1123150587e+00,-2.3809619248e-01,1.7280303240e+00,-2.0611891747e+00,9.4007039070e-01,2.1691992283e+00,-1.0289820433e+00,4.7271382809e-01,-4.9731564522e-01,2.0481920242e+00,-1.7351907492e-01,2.4668040276e+00,-1.3638457656e-01,-4.4886708260e-01,4.6320950985e-01,-1.5958373249e-01,-1.0201679468e+00,8.6555695534e-01,4.9641838670e-01,-3.0443871021e+00,1.4199256897e+00,2.0924478769e-01,-1.0519887209e+00,7.5052253902e-02,-5.1878884435e-02,-3.6712825298e-01,1.9458104372e+00,5.1226764917e-01,2.2011935711e-02,-1.8412630558e+00,9.6866941452e-01,-1.5158115327e-01,1.5714788437e+00,-5.6996029615e-01,-2.2297160625e+00,-2.3373954296e+00,-1.3307149410e+00,1.4804196358e-01,-2.3862738609e+00,1.8954369426e-01,9.2104870081e-01,9.2693078518e-01,2.3280198574e+00,-1.4577877522e-01,-1.0179911852e+00,-1.3999154568e+00,-1.7414003611e+00,1.1878439188e+00,9.8451948166e-01,4.5478600264e-01,-2.3773379624e-02,7.0765620470e-01,1.7987295985e-01,1.2780292034e+00,-3.4315919876e-01,4.6408385038e-01,-2.1541275978e+00,-6.4059519768e-01,-1.4962719679e+00,2.2016398609e-02,2.8244912624e-01,6.0634821653e-01
2.0146117210e+00,9.3857520819e-01,-2.2603302002e+00,-2.5556582212e-01,-1.1539002657e+00,2.8403196335e+00,8.8893258572e-01,-1.1752269268e+00,1.1642078161e+00,-3.0863806605e-02,-1.0587267876e+00,4.2918047309e-01,-2.9803344607e-01,7.9903256893e-01,1.8066468239e+00,-1.3691838980e+00,-6.5053176880e-01,-7.4757611752e-01,7.8126597404e-01,-1.6821427643e-01,-6.5417528152e-01,1.3081628084e+00,1.7449913025e+00,8.5935920477e-01,-2.1300113201e-01,1.1155170202e+00,-1.2140617371e+00,2.7427027225e+00,-1.6583232880e+00,-1.1101117730e-01,-1.0506154299e+00,3.8119101524e-01,-8.9570164680e-01,-1.0578960180e-02,8.0589163303e-01,-1.4739729166e+00,1.3278343678e+00,-3.9719891548e-01,-1.2468902022e-01,-3.6556011438e-01,7.2786939144e-01,-1.0008821487e+00,-2.4626381397e+00,1.5461207628e+00,1.5324627161e+00,4.0122434497e-01,-1.7432757616e+00,-1.5830640793e+00,-5.3326427937e-01,-5.7572019100e-01,4.7696074843e-01,9.8643791676e-01,-3.7646222115e-01,-1.8548735976e-01,-4.7351425886e-01,8.0697733164e-01,-6.5985882282e-01,-1.4503438473e+00,-1.3544304371e+00,5.2399879694e-01,-2.3993471265e-01,-5.0596982241e-01,-2.5013828278e-01,7.9490637779e-01,7.1553742886e-01,-1.5959105492e+00,-7.5787264109e-01,-5.9297662973e-01,1.5690103769e+00,1.0585416853e-01,1.2424147129e+00,9.4028943777e-01,-2.3017544746e+00,7.6397448778e-01,-1.2391560078e+00,-9.2385709286e-01,9.2422872782e-01,1.3924059868e+00,1.2865744531e-01,5.7834500074e-01,2.3092482984e-01,8.4191483259e-01,8.5345691442e-01,5.6906098127e-01,1.2706927061e+00,3.1407396793e+00,-2.6828300953e-01,2.3185207844e+00,-2.1471760273e+00,-2.1832964420e+00,-2.5838310719e+00,1.2365609407e+00,8.1914812326e-01,-9.5638766885e-02,-2.1645754576e-01,-1.8244155645e+00,-3.6181324720e-01,9.0126895905e-01,7.2258907557e-01,-1.3768618107e+00,-1.0438185930e+00,2.3886554241e+00,-9.0589576960e-01,8.2658243179e-01,8.2544004917e-01,-1.6664451361e+00,3.5496693850e-01,-5.1807683706e-01,7.9987275600e-01,9.1103059053e-01,-2.3092679977e+00,1.2155703306e+00,-9.8000705242e-02,-4.5807635784e-01,-2.5383024216e+00,1.4188532829e+00,-1.2821152210e+00,-1.0611082315e+00,4.0287154913e-01,2.3467781544e+00,-1.0971857309e+00,-2.6238961220e+00,2.2198510170e+00,-5.5485343933e-01,2.2512402534e+00,-5.3376609087e-01,-1.4514075518e+00,-8.4015309811e-01
-1.2409999967e-02,1.9962320328e+00,2.6732790470e+00,1.0798821449e+00,-2.0324513316e-03,1.4933915138e+00,1.4662319422e+00,-6.3482975960e-01,1.6063473225e+00,5.0142776966e-01,1.5642683208e-01,4.6992632747e-01,2.1059277654e-01,1.8650066853e-01,4.1200178862e-01,-5.4414796829e-01,4.2382499576e-01,1.7085087299e+00,1.7184023559e-01,1.7257833481e-01,4.5375794172e-01,-4.9460542202e-01,9.3108326197e-01,-2.6183829308e+00,1.6645500660e+00,-2.5651166439e+00,-9.1904598475e-01,1.5745280981e+00,-2.3981270790e+00,-8.6067956686e-01,9.4686967134e-01,-1.9971898794e+00,7.0149922371e-01,-2.8080391884e+00,-9.3267506361e-01,5.4678902030e-02,-4.7363108397e-01,-1.4094706774e+00,2.0181666315e-01,-8.2559591532e-01,-1.2416373491e+00,2.2829985619e+00,-1.0275914669e+00,3.3864867687e-01,-1.8899191618e+00,-1.0817946494e-01,-4.8230394721e-02,-6.7627513409e-01,6.0779958963e-01,-1.0348327160e+00,-2.0789055824e+00,3.0364197493e-01,1.2713553905e+00,-6.5207982063e-01,4.5261502266e-01,1.1595671177e+00,-7.4200868607e-01,6.1956322193e-01,1.5558085442e+00,4.2866653204e-01,5.0146609545e-01,-7.2029143572e-02,-1.7305840254e+00,-7.8466123343e-01,-4.7987836599e-01,2.3339629173e+00,-1.8135711551e-01,3.2853648663e+00,-4.8129409552e-02,-1.5300611258e+00,1.8369385004e+00,1.0465185642e+00,-9.0001277626e-02,-2.2647543252e-01,4.8254632950e-01,-2.5788950920e-01,-1.0129817575e-01,-2.3034453392e+00,7.5801330805e-01,1.2760698795e+00,1.3553392887e+00,-8.2134681940e-01,-3.6284589767e-01,1.6019508243e-01,-2.6772898436e-01,-3.3661940098e+00,3.5922908783e-01,-2.6160296798e-01,-1.8406793475e-01,3.3499231935e-01,-4.9187561870e-01,1.2735767663e-01,1.6066076756e+00,2.1014139056e-01,-8.8357841969e-01,-3.6741632223e-01,-4.6643513441e-01,-1.9023256004e-01,-1.5854144096e+00,-1.0610518456e+00,1.7476657033e-01,-4.9860930443e+00,5.0785231590e-01,-3.8431942463e-02,5.8671396971e-01,1.2700706720e-01,1.8587219715e-01,-1.6267491579e+00,4.6236950159e-01,-5.4728470743e-02,1.0176779032e+00,-6.6383630037e-03,-3.6797243357e-01,1.3897619247e+00,-2.4425779283e-01,-1.6288420558e-01,1.3119566441e-01,-5.8529549837e-01,-1.2244678289e-01,-3.7215799093e-01,1.0404276848e+00,1.0620573908e-01,-1.7686261237e-01,2.4069328308e+00,-5.8513009548e-01,1.3912726641e+00,-2.7770541608e-02,3.3099251986e-01
8.4819352627e-01,2.3857107162e+00,1.5242522955e+00,-6.8981772661e-01,-9.7666251659e-01,-2.3932318687e+00,2.3377909660e+00,1.1186025143e+00,-8.4946763515e-01,-6.8618190289e-01,-1.2798192501e+00,3.0126458406e-01,8.9834201336e-01,-1.2707077265e+00,5.1110440493e-01,-4.4202262163e-01,-5.0738781691e-01,1.7939702272e+00,1.5207477808e+00,1.4329485893e+00,-2.8762919903e+00,5.7104772329e-01,1.3318169117e-01,-1.3347967863e+00,-8.6626231670e-01,-7.7256363630e-01,9.5177692175e-01,6.7348897457e-01,1.8614849448e-01,-1.3835444450e+00,4.6771347523e-01,-1.1445914507e+00,-1.1273701191e+00,-1.6093810797e+00,5.5030542612e-01,-1.5365134478e+00,-9.2098486423e-01,1.0548242331e+00,-1.5325853825e+00,4.4114553928e-01,6.7556142807e-01,1.9730809927e+00,-1.1914305687e+00,8.3123278618e-01,1.0676507950e+00,-8.3436578512e-02,-1.4020193815e+00,-1.4821522236e+00,-5.2658408880e-01,-1.7637717724e-01,-1.2924246788e+00,7.8842043877e-01,1.6047888994e+00,-3.7798297405e-01,-1.8477077484e+00,1.9597140551e+00,-2.8448268771e-01,1.3021082878e+00,1.5981268883e+00,2.5951138139e-01,1.3523863554e+00,7.9685527086e-01,1.9186546803e+00,1.1178917885e+00,-1.6261335611e+00,3.1455755234e+00,-7.3026931286e-01,-1.6346586943e+00,-1.8080674410e+00,-1.0580854416e+00,9.7499352694e-01,2.3215723038e+00,1.0462567806e+00,1.1290971041e+00,-9.2512315512e-01,1.7602078915e+00,-8.8812494278e-01,-7.1359789371e-01,7.3039782047e-01,-1.6537799835e+00,3.2330313325e-01,6.1829257011e-01,1.3545364141e+00,-1.0477931499e+00,2.9936945438e-01,-1.2774097919e+00,9.7130519152e-01,-1.2352868319e+00,-1.1448290348e+00,1.7687654495e-01,-3.1105988026e+00,-5.6791406870e-01,-1.5095509291e+00,1.2114173174e-01,-5.3932237625e-01,2.4719333649e+00,-4.1688877344e-01,-6.0327187181e-02,-1.0464031696e+00,-3.1169903278e-01,8.4948444366e-01,-1.4201225042e+00,2.1819992065e+00,1.4213498831e+00,-3.1900835037e-01,-1.0995614529e+00,2.3874623775e+00,-1.7657312751e-01,2.2939759493e-01,-1.5947275162e+00,2.1836290359e+00,-1.9442173839e-01,1.5831334591e+00,-1.6030168533e+00,2.6003435254e-01,-1.5677387714e+00,1.2905670404e+00,-1.6918308735e+00,-8.2849848270e-01,4.2065891623e-01,-9.1887313128e-01,1.5324925184e+00,6.1072781682e-04,9.0643334389e-01,-3.6458370090e-01,-9.6510624886e-01,-1.4527324438e+00,8.5550636053e-01
2.3004586697e+00,-4.0470647812e-01,-1.0201258659e+00,1.4312820435e+00,-2.1527729034e+00,6.3156890869e-01,8.5602021217e-01,-6.3474357128e-01,1.1195760965e+00,9.7884154320e-01,-2.4194931984e+00,4.0245446563e-01,-2.4648809433e+00,3.7924087048e-01,1.1612151861e+00,-1.6003141403e+00,-2.8825914860e+00,1.4706717730e+00,-7.2503083944e-01,9.4816309214e-01,-1.1012854576e+00,-9.1480630636e-01,-9.2256832123e-01,3.6355796456e-01,7.0321172476e-01,-1.2428365946e+00,-7.6747334003e-01,-6.9105252624e-02,1.5883296728e-03,-4.5820748806e-01,-1.8007448912e+00,-2.4207406044e+00,-5.5608242750e-01,-4.7901117802e-01,2.4322066307e+00,-9.6537280083e-01,-1.0371916294e+00,1.1299997568e+00,-1.6827136278e+00,-7.8945368528e-01,-8.0524384975e-01,-4.5357587934e-01,5.9307765961e-01,1.1368055344e+00,1.9851585627e+00,8.4526598454e-01,-1.1127219200e+00,1.7190597057e+00,7.3924344778e-01,-2.8967893124e-01,2.1828204393e-02,1.5777399540e+00,-1.0311327875e-01,4.7670605779e-01,-1.2033561468e+00,-1.4205902815e-02,-4.5736578107e-01,-8.8385745883e-02,-4.4960093498e-01,1.1297401190e+00,1.9514849186e+00,-1.2892171144e+00,-3.2178419828e-01,9.3150150776e-01,7.6800030470e-01,7.1338903904e-01,-1.1389355659e+00,-1.6674381495e+00,1.3785257339e+00,-2.3597225547e-01,7.2969591618e-01,2.4458940029e+00,-1.6342225671e-01,2.9256191254e+00,-3.9491418004e-01,1.4113694429e+00,-1.5597857237e+00,5.7681506872e-01,1.3276158571e+00,1.0261179209e+00,-4.3895834684e-01,2.3310956955e+00,-1.2750532627e+00,-8.2729554176e-01,4.7928971052e-01,-3.6672616005e-01,1.7782809734e+00,9.7223246098e-01,-9.4496363401e-01,-1.2542605400e+00,1.9625009298e+00,2.1572761536e+00,-3.8691312075e-01,4.2571976781e-02,1.5836834908e-01,-1.5351721048e+00,8.6388361454e-01,6.2571233511e-01,-1.9388204813e-01,-3.7550568581e-01,2.3601776361e-01,2.7119986713e-02,-1.1098903418e+00,6.2225437164e-01,-1.8979164362e+00,-4.9415525794e-01,4.7119922936e-02,-5.2530324459e-01,3.2739782333e-01,1.0368009806e+00,6.2385153770e-01,4.0531817079e-01,-3.1482086182e+00,-7.4365401268e-01,-3.0594577789e+00,3.1944611073e+00,-1.9644970894e+00,2.4679347873e-02,1.9872055054e+00,1.9138164520e+00,-5.1182273775e-02,-1.5151407719e+00,2.2214199603e-01,-3.7873426080e-01,1.5904431343e+00,-1.0730900764e+00,-1.4672384262e+00,-4.5241349936e-01
-5.9783518314e-01,-8.9090704918e-01,2.2571447492e-01,-6.1445027590e-02,-7.5789862871e-01,-2.7990794182e-01,8.6687248945e-01,8.7109559774e-01,-1.1240520477e+00,-1.7534011602e+00,-2.3681917787e-01,7.6900714636e-01,2.0274519920e+00,9.1063177586e-01,4.1285055876e-01,-7.9733520746e-01,-2.0986680984e+00,-2.1411713958e-01,6.9011825323e-01,6.4325582981e-01,9.9305492640e-01,-7.2191041708e-01,1.4002089500e+00,9.8076564074e-01,-2.1718337536e+00,2.9298335314e-01,-7.8504979610e-01,1.5723738074e-01,-1.0613707304e+00,-7.8529036045e-01,-1.1589084864e+00,-2.1634430885e+00,-1.5508930683e+00,1.5117880106e+00,4.6709197760e-01,-4.9421310425e-01,-5.8231878281e-01,1.0654249191e+00,-1.7949579954e+00,3.5976845026e-01,1.7232755423e+00,-8.7076628208e-01,1.2110159397e+00,5.9927499294e-01,1.0506507158e+00,-4.3856289983e-01,-2.1626830101e-02,-1.1700677872e+00,7.4151462317e-01,-1.1777492762e+00,2.9860188961e+00,1.1157637835e+00,-6.4499843121e-01,3.8255542517e-01,-5.8456724882e-01,-1.4328953028e+00,-1.3841708899e+00,-1.2652711868e+00,-6.3500583172e-01,1.3369239569e+00,1.0189737082e+00,-9.6455663443e-01,2.3067677021e+00,1.2086278200e+00,5.7134068012e-01,3.6105948687e-01,1.4373154938e-01,-1.7579047680e+00,3.5669213533e-01,-3.5289692879e-01,1.6757329702e+00,4.9801763892e-01,-1.8941651583e+00,1.5031695366e-01,-1.0719798803e+00,1.4085268974e+00,-9.3662542105e-01,-6.9374811649e-01,3.5687816143e+00,-3.1535770893e+00,-7.1298873425e-01,2.1634125710e+00,6.6854161024e-01,-1.7634229660e+00,2.3570340872e-01,2.7817962170e+00,-4.3918323517e-01,1.1486886740e+00,-6.6272862256e-02,-1.5148559809e+00,5.3006839752e-01,4.9439709634e-02,-9.3399906158e-01,-1.5300010145e-01,7.9239642620e-01,-1.3728563786e+00,7.6844424009e-01,2.8930765390e-01,9.5418542624e-03,-3.4234845638e-01,5.3028529882e-01,2.1672389507e+00,1.9898546934e+00,1.8022257090e+00,8.1564313173e-01,-2.5771050453e+00,1.7987021208e+00,-9.9943113327e-01,1.1467115879e+00,2.3519701958e+00,-1.0876189470e+00,2.7158457041e-01,5.3304660320e-01,-1.9081068039e+00,-1.7413668633e+00,2.0883326530e+00,-8.6947172880e-01,-4.2287963629e-01,1.8149560690e-01,4.4118517637e-01,-1.1672912836e+00,-1.7845287323e+00,6.6747987270e-01,-1.2842791080e+00,1.0449860096e+00,-7.4147933722e-01,-1.7603415251e+00,-5.3741276264e-01
-6.2093234062e-01,1.7353341579e+00,2.8371665478e+00,1.3853486776e+00,-2.3785114288e-01,1.6424026489e+00,1.8135039806e+00,-6.7854762077e-02,1.9730902910e+00,6.6505199671e-01,-7.6406067610e-01,4.4311624765e-01,-9.9322098494e-01,1.0505599529e-01,6.1370450258e-01,-1.2600953579e+00,9.4048774242e-01,1.2101528645e+00,7.5254988670e-01,-3.1860190630e-01,8.4267222881e-01,-4.6384251118e-01,9.8552209139e-01,-2.2997248173e+00,8.6210221052e-01,-2.5256550312e+00,-1.6095170975e+00,1.5854552984e+00,-1.8715300560e+00,-4.3197524548e-01,9.4548600912e-01,-1.4931964874e+00,1.0330382586e+00,-2.8521389961e+00,-9.6593910456e-01,6.7263370752e-01,-1.1091216803e+00,-1.1151148081e+00,1.2263384461e-01,2.6903811097e-01,-8.3761596680e-01,2.1910736561e+00,4.8590481281e-01,6.2472105026e-01,-1.3799009323e+00,-1.2228174508e-01,-1.8853656948e-02,6.8661347032e-03,3.9088261127e-01,-3.9276146889e-01,-2.4758701324e+00,1.3674045801e+00,1.2631450891e+00,-7.6087856293e-01,2.2449658811e-01,1.0289583206e+00,-1.0423142910e+00,3.6377063394e-01,1.9408299923e+00,-1.4471790195e-01,-2.2627091408e-01,2.3092520237e-01,-7.8224772215e-01,-1.3007580042e+00,-8.9722812176e-01,2.0307183266e+00,-4.5802116394e-01,3.1643137932e+00,-5.2439886332e-01,-2.0786235332e+00,1.2479423285e+00,4.9966594577e-01,-1.5318793058e-01,-2.7481031418e-01,2.5399783254e-01,-7.3802524805e-01,3.6319684982e-01,-2.4645459652e+00,8.8919448853e-01,5.2434819937e-01,1.6253095865e+00,-7.1390622854e-01,-1.6741959751e-01,3.0301970243e-01,-7.4645245075e-01,-3.0475809574e+00,1.5086536109e-01,-6.0977980494e-02,1.9213406742e-01,7.5577747822e-01,-1.3396811485e+00,-2.2410972416e-01,2.1082739830e+00,5.2228242159e-01,-1.3075437546e+00,-1.7070634291e-02,-1.2186095119e-01,-1.4642472565e-01,-1.6684516668e+00,-1.2142211199e+00,1.5457263589e-01,-3.8404636383e+00,2.4812798202e-01,-5.3719234467e-01,1.2273698300e-01,2.8780031204e-01,-4.4433683157e-02,-1.2542884350e+00,9.6280866861e-01,-8.1178063154e-01,6.2933915854e-01,-3.0251178145e-01,-9.5601153374e-01,2.1324164867e+00,-2.2053845227e-01,-8.3760321140e-03,5.8402770758e-01,-7.4918508530e-01,2.5753505528e-02,-5.6074029207e-01,5.8107769489e-01,-3.8080982864e-02,-6.9669193029e-01,2.0972125530e+00,-5.7040303946e-01,1.9791301489e+00,7.4757218361e-01,-4.2251718044e-01
-1.2310391665e+00,-3.4756788611e-01,1.5218093395e+00,1.1796237230e+00,-1.8908709288e+00,-1.2493433952e+00,1.1444240808e+00,1.3665528297e+00,2.3617655039e-01,1.1354532093e-01,-1.8434456587e+00,8.1945389509e-01,9.0217685699e-01,1.3855163753e-01,1.2145415545e+00,-1.8430840969e-01,-1.0898799896e+00,2.6551632881e+00,5.8577328920e-01,-3.7832504511e-01,7.5503736734e-02,-1.2352184057e+00,1.0303990841e+00,-1.1868388653e+00,-1.1366379261e+00,-1.4826623201e+00,3.5641631484e-01,4.2852938175e-01,1.0425099730e-01,-1.7835292816e+00,1.2541837692e+00,-1.3718309402e+00,-5.8910083771e-01,-1.4441483021e+00,-1.4572165906e-01,-5.5453580618e-01,-1.8696289062e+00,9.6576744318e-01,-7.8602743149e-01,1.2543610334e+00,2.3552039266e-01,2.1626882553e+00,5.3928577900e-01,1.1161707640e+00,1.6471089125e+00,1.2477577925e+00,-1.1537287235e+00,-7.7917450666e-01,-6.4559042454e-01,-1.5994557142e+00,-3.4562379122e-01,7.1719872952e-01,-6.2258458138e-01,-7.2043716908e-01,-2.2396582365e-01,4.6972614527e-01,-2.3037047386e+00,3.7484467030e-01,1.3999259472e+00,2.1978094578e+00,2.2399265766e+00,-5.2042001486e-01,1.3191066980e+00,2.7682539821e-01,-1.3677577972e+00,1.5104615688e+00,4.0991258621e-01,-1.6056568623e+00,-7.8079807758e-01,-1.5983768702e+00,3.1817204952e+00,1.6749870777e+00,6.8386614323e-01,1.5955935419e-01,-1.4307309389e+00,1.8062956333e+00,-1.1393487453e+00,-1.7210253477e+00,2.3947496414e+00,-3.3211662769e+00,3.4725704789e-01,2.8228867054e+00,2.3594892025e+00,-5.5494749546e-01,-1.2113370895e+00,-2.4165122509e+00,-1.0977985859e+00,-3.7975814939e-01,-2.0095427036e+00,-5.8462935686e-01,-1.7986551523e+00,-2.4864102900e-01,1.5702793002e-01,1.7856212854e+00,4.1621735692e-01,-9.9883085489e-01,7.7562302351e-01,1.1568247527e-01,-1.0783300400e+00,-4.4512435794e-01,8.7680429220e-01,6.1320883036e-01,8.0486851931e-01,2.7361986637e+00,2.3201847076e-01,-1.3708044291e+00,1.1075619459e+00,-1.7096399069e+00,1.9239876270e+00,-8.0516493320e-01,-4.5826077461e-02,-1.1845462769e-01,1.4933410883e+00,-7.1146690845e-01,-1.0903464556e+00,-7.9867625237e-01,-1.6246405244e-01,-4.8592329025e-01,1.6297951937e+00,-9.8391062021e-01,6.6330039501e-01,-7.1947109699e-01,-1.4215700626e+00,1.0656094551e+00,1.1175800562e+00,1.3711196184e-01,-9.1348284483e-01,-7.9333555698e-01
1.3353676796e+00,-2.7044525743e-01,-9.1293859482e-01,-1.8787404895e-01,-2.6624467373e+00,7.6984018087e-01,-9.4348919392e-01,-1.4623527527e+00,6.2397222966e-02,-3.8892543316e-01,-1.9086672366e-01,1.6407518387e+00,-3.3137688637e+00,9.8439258337e-01,-9.2509686947e-03,-8.6975491047e-01,3.4366950393e-01,5.0740432739e-01,2.7340483665e+00,1.1724065542e+00,-2.3866498470e+00,8.7527364492e-01,6.9764769077e-01,8.5233312845e-01,-2.6406393051e+00,-7.2224360704e-01,2.0882873535e+00,-9.1619446874e-02,-1.1483900249e-01,-1.4953358173e+00,-1.9459515810e+00,-2.1141958237e+00,-1.0123018026e+00,-1.0164315701e+00,9.1303676367e-01,-5.7861536741e-01,1.3182803392e+00,2.3704077303e-01,-9.4839209318e-01,-1.3397281170e+00,8.8555562496e-01,5.3272867203e-01,-8.9669138193e-02,3.8433335721e-02,2.4898414612e+00,1.1429706812e+00,-2.4864065647e+00,-8.6940073967e-01,3.0088132620e-01,-2.6146948338e+00,9.9398565292e-01,2.0736548305e-01,-1.6970863342e+00,8.7177917361e-02,-8.0458760262e-01,1.8081324100e+00,-2.6746299267e+00,3.7212640047e-01,7.1233743429e-01,-4.3173786998e-01,-8.1309092045e-01,-3.5962834954e-01,1.4472922087e+00,-6.3316774368e-01,-1.8721908331e-01,2.0369672775e+00,-2.0060288906e-01,-1.5907727480e+00,1.5273029804e+00,-4.8026514053e-01,-1.9995480776e-02,2.5437047482e+00,3.5078606009e-01,-7.5293689966e-02,-1.5066443682e+00,2.0737924576e+00,-4.8113745451e-01,2.1440207958e+00,-8.8073134422e-01,-1.8933275938e+00,-1.0378303528e+00,5.2264827490e-01,1.1018149853e+00,5.9054577351e-01,-1.5146164894e+00,7.3773354292e-01,-6.7329895496e-01,-7.1811497211e-01,-1.3638912439e+00,-3.0179184675e-01,1.1132900417e-01,3.3077025414e-01,-1.1551274061e+00,-9.6566542983e-02,-7.2926437855e-01,3.4987181425e-01,8.7509518862e-01,1.2683489323e+00,9.1291958094e-01,-9.5417898893e-01,1.4097721577e+00,1.5731617212e+00,1.3964604139e+00,1.0871541500e+00,2.0044898987e-01,6.0019278526e-01,1.5473291874e+00,-5.2513235807e-01,-3.5416662693e-02,4.7012656927e-01,-2.5242373943e+00,7.0317900181e-01,-3.8651210070e-01,-2.6413428783e-01,1.1691735685e-01,4.8755779862e-01,-2.8382831812e-01,2.6503884792e-01,2.0332860947e+00,1.5887579918e+00,6.8153336644e-02,-1.7584728003e+00,2.5826106071e+00,-7.2278052568e-01,1.7618638277e+00,-1.6507041454e+00,6.8214111030e-02,2.0034444332e+00
-9.6027767658e-01,1.5280141830e+00,2.3095660210e+00,1.0681090355e+00,1.8083304167e-03,1.9429775476e+00,1.3144521713e+00,2.3698338866e-01,1.5253313780e+00,7.2311240435e-01,-8.4969520569e-01,6.3315510750e-01,4.6222925186e-01,1.0083483160e-01,4.1532236338e-01,-1.0999898911e+00,1.6511700153e+00,7.8088998795e-01,1.4098166227e+00,-5.7583487034e-01,1.8297196627e+00,-1.3080726564e-01,1.5114707947e+00,-1.5575475693e+00,3.4573471546e-01,-1.8279055357e+00,-1.0028984547e+00,1.5268317461e+00,-1.8754067421e+00,-8.0587995052e-01,7.1687191725e-01,-7.8765249252e-01,1.1370252371e+00,-2.8474071026e+00,-5.7874441147e-01,1.1400316954e+00,-1.1148369312e+00,-1.3608478308e+00,5.1418846846e-01,4.8177975416e-01,-7.8827929497e-01,2.4734401703e+00,4.2536899447e-02,6.5150791407e-01,-1.9575772285e+00,7.7847349644e-01,2.8069609404e-01,1.2112228572e-01,-7.8195160627e-01,-4.4510796666e-01,-1.8612558842e+00,4.8895007372e-01,4.1798269749e-01,-2.9389032722e-01,4.9573677778e-01,1.5536752939e+00,-1.7986429930e+00,6.2629079819e-01,1.6652579308e+00,-4.3522080779e-01,-1.1318032742e+00,-2.7881976962e-01,-4.4136369228e-01,-5.2118891478e-01,-4.6273699403e-01,1.2177881002e+00,-1.3440032303e-01,3.6972918510e+00,4.3319639564e-01,-2.3593001366e+00,1.0445926189e+00,-6.5580409765e-01,-1.9557645917e-01,-1.0749578476e+00,-2.3858763278e-02,-1.5362764597e+00,1.1859343946e-01,-2.5309443474e+00,7.9806828499e-01,1.3895282149e-01,2.3952190876e+00,-5.7144480944e-01,-9.9040299654e-02,3.3160546422e-01,-4.9341240525e-01,-3.2245485783e+00,2.7178829908e-01,-1.3394114375e-01,3.1547731161e-01,2.3360493779e-01,-1.1176490784e+00,8.7444916368e-02,2.1435043812e+00,-3.5678112507e-01,-1.1324101686e+00,-9.9312812090e-01,-3.0794277787e-01,-9.2820480466e-02,-1.4909183979e+00,-1.3788547516e+00,-3.2375746965e-01,-3.5414695740e+00,-2.5366240740e-01,-5.2819490433e-01,8.2332450151e-01,5.5155849457e-01,1.8659293652e-01,-1.3869071007e+00,1.5358309746e+00,-6.7564678192e-01,6.5642642975e-01,-5.6807428598e-01,-5.8116412163e-01,2.6208794117e+00,6.5091478825e-01,4.2597374320e-01,6.7871826887e-01,-7.9870891571e-01,-3.0729958415e-01,-5.5753189325e-01,1.3279519975e-01,1.1372453719e-01,-1.3571888208e+00,1.2659533024e+00,-3.3345529437e-01,1.8779919147e+00,-1.7942607403e-01,-8.0305039883e-01
-4.5061111450e-04,-2.1859642863e-01,1.3680582047e+00,-3.2953989506e-01,-2.2772686481e+00,6.2630176544e-03,-2.2950875759e-01,-2.9605460167e-01,5.0976109505e-01,-4.0804103017e-01,1.3929821551e-02,-9.6591222286e-01,1.7396696806e+00,-2.1826609969e-01,8.2346969843e-01,2.2136623859e+00,1.4046956301e+00,1.6687055826e+00,1.5862623453e+00,-4.5716762543e-01,-1.0113404989e+00,1.5531872511e+00,-1.1934421062e+00,-1.3991619349e+00,-1.2250511646e+00,-2.0330188274e+00,4.4104444981e-01,2.1888589859e+00,-1.2139554024e+00,1.8696551323e+00,1.5094997883e+00,3.9025625587e-01,-1.1445910931e+00,-1.7775199413e+00,1.0405545235e+00,-2.0608363152e+00,-2.1502237320e+00,1.0804169178e+00,1.0766662657e-01,2.4965220690e-01,-1.3303695917e+00,1.0791856050e+00,-1.3128043413e+00,1.4785165787e+00,-9.6957826614e-01,1.1722735167e+00,6.6378563643e-03,6.8649101257e-01,-1.0382461548e+00,-3.9784646034e-01,-1.5247247219e+00,-7.9684519768e-01,-4.2027279735e-02,-1.8392120600e+00,-1.4805325270e+00,2.7780277729e+00,-7.9589438438e-01,1.5136835575e+00,1.1452174187e+00,7.6805651188e-01,1.5269380808e+00,-8.9152479172e-01,-3.3292236924e-01,6.2757354975e-01,-2.1873078346e+00,5.4696297646e-01,-1.1657142639e+00,4.2280220985e-01,-6.4782381058e-01,-1.2917280197e+00,1.8073633909e+00,-4.1070312262e-01,1.1979544163e-01,-5.6218996644e-02,-1.2836445570e+00,2.4416377544e+00,4.2174652219e-02,2.4947571754e-01,-3.0844759941e-01,-1.2012590170e+00,1.1934849024e+00,1.5757321119e+00,2.5872411728e+00,-1.0526604652e+00,3.8375613093e-01,-2.5804178715e+00,1.3416390419e+00,3.7676540017e-01,-2.1002616882e+00,-2.2012951970e-01,-4.8128902912e-02,-1.2051728964e+00,-6.8246591091e-01,6.4558871090e-02,-2.6226282120e-01,1.3443359137e+00,-1.3988661766e+00,2.9204277992e+00,-1.0487512350e+00,3.7818002701e-01,1.7288087606e+00,-1.3740761280e+00,8.6830341816e-01,2.6414139271e+00,-2.4205671251e-01,6.2290060520e-01,-1.6791785955e+00,4.4386366010e-01,1.2657067776e+00,4.5279341936e-01,1.0994243622e+00,-9.4393301010e-01,2.7440384030e-01,2.7580142021e-01,4.5175012946e-01,-3.2111291885e+00,1.1211577654e+00,9.6086227894e-01,-5.7953196764e-01,-1.0128009319e+00,-5.3501284122e-01,-1.6075798869e-01,-2.2712957859e+00,9.0590111911e-02,-2.8962031007e-01,-9.4043153524e-01,-1.2675639391e+00,2.3584392071e+00
1.7922043800e+00,2.8184351325e-01,1.6890186071e-01,-1.5147923231e+00,-1.1086581945e+00,2.4027981758e+00,1.7785488367e+00,7.0368659496e-01,1.5445730686e+00,-1.2187395096e+00,2.7753907442e-01,1.3308210373e+00,8.4251636267e-01,-1.0764904022e+00,7.8741765022e-01,-1.4981018305e+00,-2.2839159966e+00,-7.7453446388e-01,3.9093315601e-01,-1.1982370615e+00,-8.0732548237e-01,1.1649588346e+00,4.5016366243e-01,1.1904560328e+00,-8.3533281088e-01,-9.3229746819e-01,-2.9820139408e+00,1.0781536102e+00,-2.5115091801e+00,-1.8588607311e+00,-1.1471217871e+00,-6.9136291742e-01,-9.7777271271e-01,5.0266218185e-01,6.5672242641e-01,-1.2971402407e+00,1.4686070681e+00,3.7726694345e-01,-2.0423076153e+00,5.2683651447e-03,1.5327954292e+00,-9.5979535580e-01,-4.5827336609e-02,1.0279667377e+00,1.0239616036e-01,-1.8896855116e+00,1.7720817327e+00,-1.6636323929e+00,1.0388329029e+00,1.0612067580e-01,5.5125474930e-01,1.9636862278e+00,-7.6369303465e-01,-7.7336639166e-02,-6.6842556000e-02,3.6191910505e-01,-1.5305912495e+00,9.0075865388e-02,-2.6323762536e-01,-6.0562181473e-01,1.5835313499e-01,6.3389605284e-01,-8.8646881282e-02,2.8826436996e+00,4.5490717888e-01,-2.5932919979e-01,1.8945261240e+00,-1.2463077307e+00,8.4488427639e-01,-2.2319686413e+00,-7.3753261566e-01,4.5872420073e-01,-2.3795890808e+00,2.3167541623e-01,2.7279269695e-01,8.8118702173e-01,-1.0418335199e+00,-1.5119881928e-01,2.6480259895e+00,-6.6580402851e-01,1.6184552014e-01,7.8245723248e-01,3.0770666897e-02,-3.4058994055e-01,7.5562381744e-01,1.7333338261e+00,2.7395145893e+00,9.6723151207e-01,1.0756641626e+00,-1.7898954153e+00,1.2260428667e+00,-8.9579010010e-01,1.7205667496e-01,3.8990926743e-01,-1.0324665308e+00,-2.6280460358e+00,1.0060815811e+00,1.2271097898e+00,-3.2964706421e-01,-3.4321196377e-02,-4.4066062570e-01,1.2946873903e+00,1.5092225075e+00,2.3841121197e+00,-4.5278459787e-01,-3.2474477291e+00,1.7028826475e-01,-8.4896469116e-01,1.2800023556e+00,9.4310104847e-01,-4.4159853458e-01,9.3012440205e-01,-9.4338262081e-01,-3.4603232145e-01,-1.5546587706e+00,8.4234547615e-01,5.0192582607e-01,-2.2643418312e+00,-2.2079622746e+00,1.0215625763e+00,-7.8130841255e-01,-1.2762397528e+00,2.0396833122e-01,-1.0723001957e+00,7.4564176798e-01,-4.3041425943e-01,-3.3930414915e-01,2.6391937733e+00
