-6.3289213181e-01,-9.6341684461e-02,1.1140254736e+00,6.1663873494e-02,4.5951855183e-01,-3.6261931062e-01,2.8318262100e-01,4.0164443851e-01,4.1399151087e-01,5.5102482438e-02,-1.1817622930e-01,1.2868176699e+00,-2.0140692592e-01,2.9305058718e-01,3.4751874208e-01,-4.0058478713e-02,-2.6537489891e-01,-3.7866994739e-02,5.4998658597e-02,1.8280825019e-01,1.0116553307e+00,4.9128822982e-02,-1.8786571920e-01,-1.9527882338e-01,3.0524960160e-01,7.4138864875e-02,-4.9523744732e-02,-1.0560303926e-01,1.6035652161e-01,-5.4130244255e-01,5.3661161661e-01,-1.6875463724e-01,-1.0092570633e-01,-3.7809234858e-01,2.1440747380e-01,5.0332307816e-01,1.9008201361e-01,-2.2347170115e-01,-5.1077979803e-01,7.5818002224e-01,1.8420872092e-01,-1.8929123878e-02,1.6202768683e-01,4.8242133856e-01,-7.8974574804e-01,1.5334291756e-01,1.1908429861e-01,-4.2411315441e-01,-1.3749486208e-01,6.2453299761e-02,3.2014405727e-01,-4.1618127376e-02,5.1411277056e-01,1.6852462292e-01,-4.4735777378e-01,-9.2485642433e-01,-8.5545259714e-01,-6.1718575656e-02,-2.8768393397e-01,-2.0523753762e-01,3.6610001326e-01,-4.8845636845e-01,7.1322906017e-01,-1.7160378397e-02,-4.9909847975e-01,-4.0979954600e-01,4.1633525491e-01,-1.7001754045e-01,-1.0526994467e+00,2.0518451929e-02,6.4851677418e-01,1.1978894472e-02,2.5988221169e-01,-5.5147671700e-01,2.4216039479e-01,1.5157514811e-01,1.4846131206e-01,4.9612894654e-02,4.1040092707e-01,3.9967991412e-02,-8.0433726311e-01,-1.1664959788e-01,-5.9227532148e-01,-5.9746235609e-01,-8.8198405504e-01,-8.7284430861e-02,-4.1371262074e-01,-7.0687294006e-01,3.4716826677e-01,4.7882590443e-02,-6.9945204258e-01,-3.8986998796e-01,1.9295448065e-01,5.4816269875e-01,1.5769973397e-01,4.1357344389e-01,-5.2605010569e-02,3.9877396822e-01,1.7824149132e-01,2.9250892997e-01,1.3088791072e-01,4.6240612864e-02,-3.0099928379e-01,2.6118487120e-01,2.9027104378e-01,-8.7936982512e-02,3.0123275518e-01,-1.5322067775e-02,-2.3787018657e-01,-3.5781860352e-01,-6.5833294392e-01,-3.0849847198e-01,4.0667736530e-01,-3.7734907866e-01,-6.9076788425e-01,1.3199722767e-01,1.9015809894e-01,2.1011359990e-01,1.2784956396e-01,-5.3893750906e-01,-2.8977352381e-01,-6.8068675697e-02,-1.0461911559e-02,8.7878346443e-01,1.4771997929e-01,8.5401463509e-01,-4.4351153076e-02,1.6307844222e-01
-7.4867233634e-02,-7.1531072259e-02,-6.0923721641e-02,7.3820427060e-02,2.9674676061e-01,-1.7624226213e-01,2.1740011871e-01,-1.8258211017e-01,-7.4959695339e-02,-8.7911278009e-02,-2.7931135893e-01,3.9075616002e-01,-1.1900869012e-01,3.0156061053e-01,-9.7980149090e-02,-1.8155184388e-01,-2.0285093784e-01,1.7236109078e-01,2.3304173350e-01,-2.7799375355e-02,3.9748016000e-01,2.2141547501e-01,-1.0018379241e-01,-1.8967805803e-01,-1.0279314220e-01,-1.1261731386e-02,-9.2109680176e-02,-4.3537312746e-01,-1.1668384075e-02,-9.5495760441e-02,5.3501643240e-02,-2.6213523746e-01,-1.2092293799e-01,-3.2041025162e-01,-5.5315583944e-02,4.9562221766e-01,1.7478929460e-01,4.4229552150e-02,-2.0513643324e-01,3.7602880597e-01,-1.9644960761e-01,1.5365453064e-01,3.9730858803e-01,2.7551424503e-01,-1.6040058434e-01,5.9059184790e-01,-2.7050232887e-01,-5.1182545722e-02,5.4074592888e-02,-1.0256990790e-01,-1.6379609704e-01,1.8117722869e-01,2.3565042019e-01,-3.9288526773e-01,-7.1570450068e-01,7.6365314424e-02,-2.6215827465e-01,3.9094495773e-01,-2.7460214496e-01,1.2180902809e-01,2.6609146595e-01,-3.6108011007e-01,2.3627567291e-01,3.0149453878e-01,2.0429667085e-02,-3.7021863461e-01,2.4295915663e-01,-1.7640949786e-01,-2.6892757416e-01,2.8851851821e-03,4.2420765758e-01,-3.1752713025e-02,1.9873917103e-01,-3.1107795238e-01,-2.2466853261e-01,2.7261421084e-01,2.4473582208e-01,3.2746875286e-01,2.6704121381e-02,9.3193158507e-02,-3.0899667740e-01,-9.3367978930e-02,-2.8061699867e-01,-5.9678566456e-01,-5.1039677858e-01,2.7107298374e-03,-3.1033143401e-01,-4.7236040235e-01,2.9701799154e-02,-3.1709671021e-04,-2.5295817852e-01,-4.2668604851e-01,8.9514955878e-02,7.4264800549e-01,4.3881320953e-01,1.8474762142e-01,5.0415359437e-02,5.0316676497e-02,2.2328332067e-01,-6.1507549137e-02,-1.8229714036e-01,3.6679878831e-01,-1.2528675795e-01,-2.3478092253e-01,2.2313740849e-01,3.6522936821e-01,2.8382748365e-01,-1.1553142965e-01,-1.4545996487e-01,-5.3297054023e-02,-4.0069347620e-01,-4.7950077057e-01,5.8641672134e-02,-7.4836099148e-01,-6.1037372798e-02,2.6742407680e-01,3.3862900734e-01,1.1994142830e-01,8.7410616875e-01,-7.1440085769e-02,-9.0278133750e-02,-1.3783803582e-01,-1.2206775695e-01,7.2968417406e-01,-1.8636152148e-02,-4.6550393105e-02,-9.7055971622e-02,1.1146522313e-01
-1.9184815884e-01,-1.7073841393e-01,4.3256729841e-01,2.0317807794e-01,5.1805967093e-01,1.0592143238e-01,2.8811958432e-01,1.1314871907e-01,-1.0089054704e-02,1.0264153779e-01,-2.8087135404e-02,2.9589590430e-01,2.5654628873e-01,-4.9393661320e-03,-9.2647224665e-02,-3.5293348134e-02,3.1971055269e-01,-2.6975446939e-01,-1.3429844379e-01,-2.7399295568e-01,3.9952239394e-01,2.4909831583e-02,4.2431408167e-01,-1.4149782062e-01,1.7242795229e-01,1.2753953040e-01,-6.1989262700e-02,1.6254246235e-01,1.4137166739e-01,-1.6837719083e-01,2.0193867385e-01,5.8484539390e-02,-7.8523151577e-02,-3.5635334253e-01,9.5937415957e-02,1.0105087608e-01,2.8939068317e-01,-1.6637718678e-01,2.0977461338e-01,4.4179049134e-01,5.5036716163e-02,8.9712649584e-02,3.0685192347e-01,3.4901422262e-01,-4.7202092409e-01,-5.0831213593e-03,-1.3409739733e-01,-2.0752419531e-01,-2.7005886659e-02,7.3854148388e-02,-3.2673007250e-01,-4.9553420395e-02,3.3378437161e-02,4.6387404203e-02,-3.1722884625e-02,-1.7459735274e-01,-5.4939037561e-01,1.0849125683e-01,7.5911916792e-02,-2.3186057806e-01,8.7880447507e-02,-3.9681160450e-01,2.2284707427e-01,2.7447038889e-01,1.7317834496e-01,-5.7201641798e-01,4.9584120512e-01,1.6780334711e-01,-1.9342026114e-01,1.2275671959e-01,5.6770652533e-01,-3.0732132494e-02,-2.3093740642e-01,-5.9035867453e-01,-1.5983682871e-01,-2.0293329656e-01,4.5526647568e-01,-1.9530943036e-01,4.3965104222e-01,-2.6888474822e-03,-1.2733131647e-01,1.0938093066e-02,4.4206961989e-02,-1.9216972589e-01,-4.0955781937e-01,1.4641177654e-01,-1.1383917183e-01,-4.8201113939e-01,3.7700849771e-01,-1.2800097466e-03,-2.6129141450e-01,-7.1639277041e-02,6.7091768980e-01,4.6100100875e-01,-2.0550075173e-01,2.4467974901e-02,-3.0552095175e-01,1.7211820185e-01,5.5811628699e-02,-1.6676294804e-01,6.1799682677e-02,-2.0744800568e-02,3.7445515394e-02,9.9335268140e-02,1.0787621140e-02,-5.7353451848e-03,1.5817604959e-02,-3.0536702275e-01,-6.4902350307e-02,-3.4681743383e-01,-4.1083151102e-01,-7.2093546391e-02,1.1309848726e-01,-1.4829055965e-01,-1.9509026408e-01,4.7224014997e-01,3.5374760628e-02,-1.2801450491e-01,3.2944729924e-01,4.5185104012e-02,-1.3394089416e-02,-3.1140029430e-02,9.2005901039e-02,5.0947254896e-01,1.6572605073e-01,8.8087655604e-03,-2.1881154180e-01,2.1294362843e-01
-3.4590139985e-03,5.3661968559e-02,2.0065124333e-01,-4.4190056622e-02,2.9921132326e-01,1.6714259982e-03,2.4807402492e-01,7.1124196053e-02,1.3578306139e-01,-3.1889685988e-01,-2.2851519287e-01,9.7792953253e-02,1.2578622997e-01,6.8508088589e-02,1.1691667140e-01,-1.4369949698e-01,1.8075811863e-01,5.3661253303e-02,-1.5724998713e-01,-1.5928371251e-01,1.8014129996e-01,1.6846835613e-01,2.5360652804e-01,-2.8591361642e-01,-3.2890936732e-01,2.6893973351e-02,-1.7100968957e-01,4.7046741843e-01,3.1039768457e-01,6.7982807755e-02,-1.0086067021e-01,2.4122442305e-01,-2.7797707915e-01,4.4517841190e-02,2.2521528602e-01,-6.9826669991e-02,-7.1758933365e-02,3.3120378852e-02,2.6896277070e-01,3.7155601382e-01,3.8081966341e-02,-1.5088903904e-01,1.3842785358e-01,1.7994326353e-01,-2.5164294243e-01,5.2767300606e-01,1.5561068058e-01,-1.1558598280e-01,1.1516536772e-01,1.2176348269e-01,-3.3115315437e-01,-4.0761657059e-02,1.6922284663e-01,-2.4038793147e-01,-2.7123928070e-01,1.2822735310e-01,1.0061101988e-02,3.3837714791e-01,-2.1994957328e-01,-9.2219874263e-02,1.0870125890e-01,-3.4445801377e-01,-3.0464836955e-01,3.1126627326e-01,-3.8985913992e-01,-1.3289745152e-01,6.1096951365e-02,2.0428925753e-01,-3.5264226794e-01,1.0238073021e-01,1.9849339128e-01,-3.5404899716e-01,8.1704437733e-02,-3.2209590077e-01,-4.1469395161e-01,1.3533201814e-01,2.4479529262e-01,1.7438146472e-01,1.9924993813e-01,1.1462310329e-02,-9.4875648618e-02,1.2167402357e-01,1.5024259686e-01,-2.3528173566e-01,-1.3637280464e-01,-2.0841471851e-01,-5.4648689926e-02,-3.6513134837e-01,-8.4208786488e-02,4.3460812420e-02,5.1653727889e-02,-2.9335373640e-01,1.7361536622e-01,3.1355595589e-01,-3.9736360312e-02,-8.2602992654e-02,-2.7755689621e-01,4.8028603196e-01,-2.4093054235e-01,2.4541735649e-01,-1.7588494718e-01,9.8365999758e-02,5.4683871567e-03,-8.6252525449e-02,6.5126389265e-02,1.8990972638e-01,7.7127024531e-02,3.8486570120e-01,1.7024178803e-01,-3.5487294197e-01,2.3280230165e-01,-1.8149571121e-01,-7.8063338995e-02,-3.1921136379e-01,1.7416864634e-01,-2.0686149597e-01,3.9737647772e-01,2.6545980573e-01,2.4283665419e-01,2.1804761887e-01,-8.1799134612e-02,-6.7294508219e-02,-3.7321060896e-01,3.6566832662e-01,-2.6552283764e-01,3.4932380915e-01,-4.4324946404e-01,3.7615302205e-01
-7.2376281023e-02,-1.3596758246e-01,-1.5637436509e-01,-1.0818687081e-01,1.2187293172e-01,2.5386804342e-01,1.5993022919e-01,4.3551750481e-02,2.4521669745e-01,1.1022624373e-01,2.3784975708e-01,1.4249506593e-01,3.1975963712e-01,-3.5066711903e-01,5.8345898986e-02,-4.7554850578e-01,2.3910161853e-01,2.9399946332e-02,-1.4813023806e-01,-1.1021231115e-01,-2.4971586466e-01,4.9691803753e-02,-2.0501837134e-01,-2.1961420774e-01,2.3990806192e-02,1.0766578466e-01,-4.8841705918e-01,7.9129248857e-02,2.4349220097e-01,-1.4376030862e-01,-1.4197023213e-01,5.3337460756e-01,-5.6561760604e-02,1.4105781913e-02,1.1786326021e-01,-1.5031731129e-01,-6.8433284760e-02,-1.8990606070e-01,2.3738390207e-01,1.6130551696e-01,-7.3857866228e-02,7.9412631691e-02,-1.4895215631e-01,-1.5452319384e-01,6.0844309628e-02,3.4756749868e-01,3.1851717830e-01,-3.7263083458e-01,-1.2417182326e-02,-1.3346001506e-02,-4.5761620998e-01,2.3039743304e-01,6.9129586220e-02,1.5725480020e-01,-2.6897844672e-01,2.3071020842e-01,-2.3934611678e-01,2.0609648526e-01,-2.6982891560e-01,1.5798011422e-01,9.4310916960e-02,1.2499600649e-01,-4.1957637668e-01,8.4404277802e-01,-1.2265719473e-02,-1.6470243037e-01,2.2945198417e-01,-5.5856179446e-02,-3.4089171886e-01,1.2379868329e-01,1.4365309477e-01,4.2338177562e-02,-4.8112899065e-02,1.1126081645e-01,-2.8442955017e-01,-1.7127436399e-01,1.0790634155e-01,-8.8217474520e-02,4.0349355340e-01,2.0230698586e-01,9.6028305590e-02,2.6955759525e-01,-9.0679377317e-02,-8.9018061757e-02,-1.7943620682e-02,-6.2498450279e-02,6.7634768784e-02,-1.8332797289e-01,1.1448387057e-01,-2.2045291960e-01,1.3167649508e-02,-2.5856018066e-01,3.4466463327e-01,1.1907915771e-01,-9.0960830450e-02,-4.6318915486e-01,2.1335977316e-01,1.1473162472e-01,-4.2826139927e-01,2.5286880136e-01,-3.4454154968e-01,6.4697936177e-02,4.6964839101e-02,7.1967422962e-01,2.5028651953e-01,-4.0838637948e-01,-5.5367257446e-02,-5.6465864182e-02,-7.4639201164e-02,-4.1164910793e-01,-2.0432014018e-02,-2.2510689497e-01,-2.7760844678e-03,-3.1874987483e-01,8.8748656213e-02,-1.0177374631e-01,3.9772987366e-01,3.5940998793e-01,1.7498172820e-01,1.3184970617e-01,-2.0195309818e-01,-6.4356639981e-02,-5.8789360523e-01,4.5524424314e-01,1.4762400091e-01,-1.4036242664e-01,-1.2137041986e-01,3.6273598671e-01
-4.3449315429e-01,2.1832585335e-01,7.3980905116e-02,9.3814395368e-02,4.1623108089e-02,2.5288730860e-02,2.7243542671e-01,-3.6589145660e-02,-1.5496292710e-01,-1.4667603374e-01,2.5541844964e-01,2.0449924469e-01,-2.2041729093e-01,8.1224793196e-01,1.0433980823e-01,1.4839962125e-02,4.5824962854e-01,-2.0589074492e-01,1.0493697226e-01,-1.3586956263e-01,4.4398777187e-02,-3.4028649330e-02,5.7433716953e-02,-6.0979649425e-02,5.3883984685e-02,-9.7136527300e-02,-2.3079160601e-03,-8.1593751907e-02,2.6770135760e-01,-4.8833642155e-02,-2.1548640728e-01,4.0831291676e-01,-3.0001032352e-01,-5.4010224342e-01,-1.0261289775e-01,2.1943493187e-01,-4.7714513540e-01,4.2599517107e-01,1.1787172407e-01,-2.2328856587e-01,-1.5291418135e-01,1.4784999192e-01,6.0619384050e-02,2.5419580936e-01,2.0806087554e-01,4.1677749157e-01,1.0490696132e-01,-3.7452638149e-01,1.7215189338e-01,7.6061308384e-02,-4.6920633316e-01,2.4304671586e-01,5.3728383780e-01,2.6909810305e-01,1.0704505444e-01,-1.1849952489e-01,1.2107938528e-03,-2.9226088524e-01,-4.3870222569e-01,-9.6893534064e-02,5.4737967253e-01,-2.1144697070e-01,-2.5344496965e-01,4.0079355240e-01,-8.0763094127e-02,2.2078064084e-01,-4.4550508261e-01,-3.3638262749e-01,-4.2314025760e-01,1.4673011005e-01,7.0927545428e-02,-5.8969747275e-02,5.7395227253e-02,-1.3694761693e-01,-3.6722412705e-01,-5.7297948748e-02,3.5337570310e-01,5.3826105595e-01,7.7670387924e-02,3.9539411664e-03,1.8196074665e-01,2.0656293631e-01,4.6138353646e-02,1.2980739772e-01,-4.1341951489e-01,2.2011096776e-01,-1.4131903648e-01,-5.9718191624e-02,-8.3001136780e-02,1.5076059848e-02,-2.8736796975e-01,-2.1178707480e-01,-3.5877555609e-01,7.6349489391e-02,9.4569705427e-02,-6.4003217220e-01,1.4599740505e-01,-1.2631401420e-02,-1.3722372055e-01,-3.6831033230e-01,-2.4003112316e-01,1.2211926281e-01,-2.8120651841e-03,4.0655605495e-02,5.1048725843e-01,-6.1233535409e-02,2.8516831994e-01,-4.2043897510e-01,1.2597635388e-02,-8.9857891202e-02,-5.8264398575e-01,-1.4361594617e-01,1.0545014590e-01,-2.6485285163e-01,-3.7980549037e-02,1.1321744323e-01,2.7522784472e-01,-1.8151047826e-01,2.5336480141e-01,5.0673753023e-01,-3.4823286533e-01,-1.7032568157e-01,-3.9223432541e-03,2.7367573977e-01,-1.0998308659e-01,-2.0088398457e-01,-1.1128105223e-02,1.8112286925e-02
1.1616817117e-01,-6.2517136335e-02,6.5886855125e-01,2.0048913360e-01,-9.1096252203e-02,1.7415952682e-01,3.9882120490e-01,1.6307953000e-01,1.1686636508e-01,1.7127943039e-01,3.5966575146e-01,1.0614737868e-02,-2.4539422989e-01,6.6708683968e-01,-5.6685790420e-02,-1.2848965824e-01,1.5096962452e-01,2.2826474160e-02,-1.7259201407e-01,-7.3787420988e-02,2.6151499152e-01,-2.1080636978e-01,6.7832760513e-02,-1.3516700268e-01,8.2517623901e-02,-2.6190087199e-02,-1.4369285107e-01,3.2484710217e-01,-1.4630297199e-02,1.1570304632e-02,1.3634371758e-01,4.6487200260e-01,-7.3932565749e-02,-3.3559608459e-01,-2.7751031518e-01,-1.5147140622e-01,-1.8259397149e-01,3.8145817816e-03,1.0646634549e-01,-1.6461122036e-01,-2.0407800376e-01,3.3363604546e-01,1.3505004346e-01,-1.1708146334e-01,9.1700106859e-02,6.4626783133e-03,2.0887687802e-01,-5.1216214895e-01,2.1767516434e-01,9.1057516634e-02,-7.6373416185e-01,1.8890014291e-01,6.5809291601e-01,1.4922806621e-01,2.1899966896e-01,-1.9595578313e-01,1.2788015418e-02,-3.0055856705e-01,-1.2681235373e-01,-3.4181278944e-01,5.1974129677e-01,-8.7542220950e-02,-2.0750024915e-01,1.6667814553e-01,5.3691789508e-02,6.6783018410e-02,-6.6959768534e-02,-1.9006137550e-01,-6.7405331135e-01,7.6809078455e-02,2.2779047489e-01,-1.3969171047e-01,9.5601648092e-02,-3.2831975818e-01,-1.9625219703e-01,6.3558802009e-02,4.2378091812e-01,4.1714675725e-02,3.5187909007e-01,1.0221600533e-02,4.8430934548e-02,-3.6869682372e-02,8.3248466253e-02,1.2523721159e-01,-2.6580488682e-01,1.8327555060e-01,6.0132261366e-02,-2.4363994598e-03,-5.7860054076e-03,1.0196719319e-01,-3.0615043640e-01,-1.2652336061e-01,2.1778354049e-01,1.3338305056e-02,1.9141867757e-02,-7.5133085251e-01,3.4087929130e-01,-8.4708824754e-02,-6.1052955687e-02,-2.0812772214e-01,-1.3827903569e-01,-4.3529796600e-01,-2.2490531206e-02,4.1265717149e-01,1.7558351159e-01,-8.6121559143e-03,5.3117997944e-02,-6.3182079792e-01,-1.5746235847e-02,2.8464525938e-02,-3.3352023363e-01,-8.5325524211e-02,2.8749439865e-02,-2.8601344675e-02,8.6117193103e-02,2.4014025927e-01,3.0831342936e-01,-2.6116862893e-01,1.9128808379e-01,2.7714404464e-01,-2.3708321154e-01,1.0726260394e-01,-2.5232058764e-01,2.2430360317e-01,-3.5626403987e-02,1.9527323544e-02,6.6559359431e-02,1.4189481735e-01
4.5381143689e-01,-2.5925344229e-01,4.9918144941e-02,4.7086483240e-01,-7.4661314487e-02,2.6068559289e-01,4.6962159872e-01,1.9878302515e-01,3.2506930828e-01,1.3960316777e-01,-1.0958518088e-01,5.3370028734e-02,-4.0374094248e-01,5.0369575620e-03,-6.8966090679e-02,-5.2868670225e-01,-4.5202723145e-01,5.5628192425e-01,-1.0228611529e-02,-9.9236980081e-02,-5.1725931466e-02,1.3505569100e-01,-3.7597015500e-02,-3.8728207350e-01,-1.3915802538e-01,4.5081892610e-01,5.0166562200e-02,4.9896270037e-02,3.8988709450e-01,9.4793215394e-02,1.4863878489e-02,5.6135237217e-01,2.2496452928e-01,-3.0602347851e-01,-2.1237049997e-01,1.7218142748e-01,2.3746530712e-01,6.2927938998e-02,1.7665052414e-01,2.7065977454e-02,-4.2963552475e-01,4.1494989395e-01,7.4874103069e-02,1.1785566807e-01,3.4966051579e-01,3.9836204052e-01,-2.8273653984e-01,-2.0815274119e-01,5.0096637011e-01,-2.0090895891e-01,-5.8051145077e-01,1.2824824452e-01,5.5346429348e-01,-4.3031239510e-01,-1.0951093584e-01,2.2978323698e-01,2.4573560059e-01,-2.6653671265e-01,2.2798053920e-02,-2.2584721446e-03,1.1540897191e-01,-8.9162543416e-02,-1.7130789161e-01,-7.1236133575e-02,3.6075848341e-01,-1.5430204570e-01,6.2022902071e-02,-5.3578168154e-03,-5.3530281782e-01,-1.9744333625e-01,2.1141222119e-01,-9.5029890537e-02,1.3300044835e-01,-4.9685791135e-02,-4.5725971460e-01,6.6617137194e-01,1.3000774384e-01,2.8227877617e-01,8.5654579103e-02,-1.3244280219e-01,-1.8635368347e-01,-7.2224289179e-03,6.4243122935e-02,-5.1834017038e-02,4.6816587448e-02,-3.4370744228e-01,8.9432097971e-02,-2.8753986955e-01,-9.0977802873e-02,6.9268412888e-02,-2.1198381484e-01,-4.6356663108e-01,3.0477449298e-01,3.0208650231e-01,3.4796394408e-02,-5.3252995014e-01,-1.0639925301e-01,3.2510012388e-02,2.6094892621e-01,3.5894632339e-02,-2.1855257452e-01,5.5937990546e-02,-2.0688211918e-01,5.4737124592e-02,-1.6264986992e-01,-1.7476238310e-02,2.0235733688e-01,-7.9565979540e-02,1.2773591280e-01,-6.6859722137e-02,-4.1405040771e-02,-3.0583110452e-01,-2.3936461657e-02,-5.1467978954e-01,1.7687225342e-01,-2.9746711254e-02,4.6877396107e-01,5.4286543280e-02,3.8712584972e-01,1.2423846126e-01,-5.4779119790e-02,-2.0712388679e-02,-4.8280555010e-01,-4.5793987811e-03,-3.9846932888e-01,-9.5008388162e-02,-1.6762229800e-01,2.9319602251e-01
3.2905873656e-01,-3.3916953951e-02,-1.3562537730e-01,1.2128342688e-01,4.7539818287e-01,1.4862921834e-01,3.5774198174e-01,2.9479116201e-03,2.7281796932e-01,-3.4235194325e-02,1.2379930913e-01,3.1334161758e-01,1.5998895466e-01,6.5952107310e-02,1.4528882504e-01,-4.3483433127e-01,2.8551453352e-01,-7.8896418214e-02,1.2208458781e-01,-9.1371983290e-02,-9.9517345428e-02,2.0588377118e-01,8.6308613420e-02,-6.5136754513e-01,-1.0827744007e-01,2.1094287932e-01,6.4609274268e-02,2.6934507489e-01,3.1014990807e-01,2.7273990214e-02,2.7385443449e-02,3.6423054338e-01,-1.7734624445e-01,-3.1263750792e-01,-1.8355282024e-02,-8.4294080734e-03,1.1113225669e-01,8.1940270960e-02,3.4539660811e-01,2.3820690811e-01,-1.4771640301e-01,2.5592070818e-01,-1.0839828104e-01,2.4264496565e-01,5.6539628655e-02,4.2952850461e-02,-1.5111571550e-01,-3.6329904199e-01,3.5412839055e-01,-2.4968285859e-01,-9.6130594611e-02,-1.7712552845e-01,-9.7006015480e-02,-2.3511058092e-01,-1.1107686162e-01,3.1295374036e-01,3.7553393841e-01,4.1022762656e-02,-1.8649716675e-01,8.1951953471e-02,1.7462743819e-01,-7.7109307051e-02,7.3741801083e-02,-5.7955525815e-02,2.2254371643e-01,-2.5134673715e-01,3.7639063597e-01,1.7160120606e-01,-6.8119570613e-02,1.8965278566e-01,-8.3446741104e-02,5.8177314699e-02,-8.8726967573e-02,-1.6376125813e-01,-3.1702059507e-01,2.9426592588e-01,4.8135021329e-01,3.8067752123e-01,5.6580625474e-02,-4.0063329041e-02,1.1358612031e-01,-7.5521506369e-02,-2.6033207774e-01,-2.2903530300e-01,-7.8657656908e-02,1.0458084941e-01,1.4081376791e-01,-7.0762306452e-02,-6.8217828870e-02,-1.4564816654e-01,-4.0171539783e-01,-3.8610267639e-01,4.9714878201e-02,9.6241429448e-02,-6.5111830831e-02,-2.4878028035e-01,6.5111964941e-03,2.2768828273e-01,-2.3539844155e-01,-2.8234153986e-01,-1.3736177981e-01,2.0470714569e-01,-8.1102520227e-02,-1.8153066933e-01,1.9356435537e-01,1.5013085306e-01,3.6522677541e-01,-1.3220611215e-01,-1.0251682997e-01,-2.7116897702e-01,-3.8981917500e-01,-2.8079379350e-02,1.4591842890e-01,-4.4463041425e-01,9.2445567250e-02,6.3494496047e-02,1.1982180923e-01,-2.5501137972e-01,2.1078354120e-01,2.4578300118e-01,7.9894363880e-03,-2.1078924835e-01,1.2933608890e-01,1.9191427529e-01,1.9352623820e-01,-1.8586841226e-01,-3.7731230259e-01,2.5650012493e-01
1.1771331728e-01,-2.8908595443e-02,7.1925520897e-01,1.0497945547e-01,-8.4268376231e-02,7.7636055648e-03,4.6226871014e-01,-5.1564302295e-02,1.5994709730e-01,1.2333198637e-01,3.0628043413e-01,1.0738657415e-01,3.3295933157e-02,6.1922796071e-02,1.2752722204e-01,-3.7121912837e-01,5.8450981975e-02,-8.1328377128e-02,-3.6538887024e-01,8.6213588715e-02,1.7804925144e-01,-8.2055352628e-02,2.3491778970e-01,-1.2311503291e-01,2.6951797307e-02,7.6868668199e-02,-4.7270361334e-02,5.0161081553e-01,-2.0883753896e-03,-7.0930048823e-03,1.4721104503e-01,2.7722266316e-01,-3.2547459006e-02,-3.2552644610e-01,-4.6838995069e-02,-2.5393071771e-01,3.8218927383e-01,-1.4298142493e-01,3.1694957614e-01,-2.7008298039e-01,-4.1521884501e-02,2.8491616249e-01,-1.2311951816e-01,-1.2208205462e-01,-1.7551974952e-01,-1.2042605132e-01,-1.4756947756e-02,-4.1767972708e-01,3.6763317883e-02,-2.1293457597e-02,-1.0577066243e-01,-9.5068268478e-02,1.4184987545e-01,7.5343295932e-02,1.2322941422e-01,-3.0660986900e-01,7.0677109063e-02,-3.1491272151e-02,-6.4837448299e-03,-4.6839028597e-01,-7.5103893876e-02,4.5024584979e-02,-2.6167029142e-01,-4.0764130652e-02,2.2325330973e-01,5.2001997828e-03,4.1007459164e-01,2.4216854572e-01,-3.1926098466e-01,7.1910031140e-02,1.7535161972e-01,6.8710081279e-02,-3.2234543562e-01,-1.2757727504e-01,-5.8311633766e-02,-1.9934284687e-01,-1.2604342401e-01,-1.4785662293e-01,1.5558674932e-03,6.2064513564e-02,-1.7674496770e-01,-3.2345327735e-01,-5.3212381899e-02,-1.2552830577e-01,-2.4042062461e-01,4.6549344063e-01,1.4445114136e-01,-4.5249268413e-01,4.9141317606e-02,-2.6354441047e-01,-2.1115320921e-01,-1.5597823262e-01,6.1906272173e-01,1.9294604659e-02,-3.2050740719e-01,-2.3822799325e-01,1.7407691479e-01,1.8661287427e-01,-9.4550862908e-02,1.1126687378e-01,1.5764525533e-01,-5.0544029474e-01,1.6731867194e-01,1.6828571260e-01,2.0893424749e-01,-2.2395801544e-01,2.4154444039e-01,-4.9503484368e-01,1.3202013075e-01,-3.9094236493e-01,-4.0038321167e-03,-5.0643473864e-02,6.6108465195e-02,-1.1402800679e-01,-1.8613740802e-02,2.2705981135e-01,2.5021865964e-01,-6.0645565391e-02,2.9739284515e-01,7.9088747501e-02,2.1026858687e-01,2.7056092024e-01,6.5380319953e-02,3.9189484715e-01,1.7955762148e-01,1.4298431575e-02,-9.7990512848e-02,7.8134171665e-02
2.2531948984e-01,4.6507808566e-01,4.5536663383e-02,2.4108022451e-02,-2.9597088695e-02,-7.6853781939e-03,5.9477615356e-01,9.5532193780e-02,8.8642477989e-02,-2.0017167926e-01,1.2220698595e-01,3.4868785739e-01,2.3728208244e-01,-3.7425756454e-04,1.1609469354e-01,-5.2251827717e-01,-1.5707892179e-01,2.2015596926e-01,-1.3660773635e-01,2.8825956583e-01,-3.7622919679e-01,4.1369530559e-01,-9.1455310583e-02,-4.1864189506e-01,-3.2942450047e-01,-5.9369675815e-02,-3.3085130155e-02,8.9557074010e-02,4.2183437943e-01,-1.0176586360e-01,7.9457446933e-02,3.6217957735e-01,-3.0976584554e-01,-3.2194179296e-01,4.3425291777e-02,-1.6887409985e-01,2.6787877083e-01,-1.1409498006e-01,-4.2124934494e-02,2.0318916440e-01,1.3904269040e-01,5.0367605686e-01,-5.5626161397e-02,1.4811737835e-01,-2.9339946806e-02,2.4379585683e-01,-1.8880584836e-01,-4.5038843155e-01,-1.6289472580e-01,4.9934219569e-02,-3.2335716486e-01,1.8981319666e-01,2.3746719956e-01,8.6595878005e-02,-2.2966504097e-01,1.0828728974e-01,2.6160639524e-01,2.9540407658e-01,-2.1341282129e-01,2.0092308521e-02,-1.3884031773e-01,2.1322882175e-01,-2.5364226103e-01,-2.2947718203e-01,2.4247965217e-01,1.8137581646e-01,1.8748134375e-01,-7.9697161913e-02,-6.2752091885e-01,9.2387042940e-02,7.9083643854e-02,4.4231951237e-02,-2.7442163229e-01,-6.9759130478e-02,-4.1345733404e-01,1.6596066952e-01,5.8926001191e-02,1.6395714879e-01,-8.4452331066e-04,1.4035910368e-01,-3.2014146447e-02,-2.1161928773e-01,7.2798445821e-02,-1.4581231773e-01,-2.1848911047e-01,-3.2061961293e-01,7.1293547750e-02,-4.5671918988e-01,-1.9145017490e-02,3.7050388753e-02,-3.9753967524e-01,-2.3582828045e-01,1.9270542264e-01,3.8567781448e-03,9.7019106150e-02,-1.9952183962e-01,-4.0417486429e-01,6.6017761827e-02,-1.1646955460e-01,3.0602249503e-01,6.0383975506e-04,-1.5216344595e-01,1.1789247394e-01,-7.5034044683e-02,4.5925084502e-02,-4.3963623047e-01,4.0175479650e-01,-8.3646260202e-02,1.0590696335e-01,-2.5841528177e-01,4.3058246374e-01,1.8266987801e-01,4.4167873263e-01,-6.4047759771e-01,4.7592785954e-01,3.4231923521e-02,1.8733181059e-02,6.1815366149e-02,2.4579860270e-01,2.2768838704e-01,-1.0534550250e-01,-8.5248731077e-02,7.7687129378e-02,4.5373299718e-01,-2.0286634564e-02,9.3394435942e-02,-5.4811358452e-01,5.3178423643e-01
2.8600111604e-01,-5.1053136587e-02,-1.2311898917e-01,1.4030650258e-01,-1.9425368309e-01,8.0709472299e-02,1.6668963432e-01,-5.7052932680e-02,-3.0377335846e-02,-2.1083768457e-02,-7.1306504309e-02,-1.0871934891e-01,5.7639852166e-03,1.2243026495e-01,4.3609634042e-02,-5.1582324505e-01,-2.8654107451e-01,9.3493975699e-02,-1.5401352942e-01,-1.3906589150e-01,-1.1691696942e-01,2.4856972694e-01,-4.8029147089e-02,-1.6240966320e-01,-5.6113839149e-02,1.0705482960e-01,-1.2649106979e-01,4.4280696660e-02,1.9635905325e-01,-3.1357303262e-02,1.9903890789e-02,1.6636782885e-01,-3.5001096129e-01,-2.7571484447e-01,-7.5404703617e-02,-1.5416812897e-01,3.0014038086e-01,-2.1532721817e-02,1.0882639885e-01,-2.3409692571e-02,-2.5755608082e-01,9.0891286731e-02,1.6779419780e-01,1.9476874173e-01,4.1394463181e-01,4.1891503334e-01,-7.3516324162e-02,6.7022360861e-02,5.0242060423e-01,-3.6323230714e-02,-2.2068497539e-01,8.4052190185e-02,2.0888912678e-01,-2.1621108055e-01,7.4427530169e-02,-3.6901324987e-02,1.3110512495e-01,2.1292577684e-01,1.0000696778e-01,-1.7947515845e-01,5.8893609792e-02,-2.0808550715e-01,8.3152450621e-02,-1.6335558146e-02,2.0263598859e-01,-5.3049974144e-02,4.9102984369e-02,1.5822023153e-02,-3.2144826651e-01,-1.6476906836e-02,4.0708702058e-02,1.6770279408e-01,-5.2465803921e-02,9.5452792943e-02,-9.0095646679e-02,4.7185912728e-02,5.3550317883e-02,6.8421967328e-02,-5.9690192342e-02,4.7624316812e-01,3.2685980201e-02,2.1846404672e-01,-3.1298047304e-01,-5.2944469452e-01,-6.6966846585e-02,3.9064817131e-02,-7.2923541069e-02,-2.7592638135e-01,3.0275553465e-01,-5.3644452244e-02,1.0936587304e-01,-4.0805298090e-01,2.8978815675e-01,4.0468326211e-01,-2.2726249695e-01,-3.0326944590e-01,9.1729491949e-02,1.0147522390e-01,-1.5514360368e-01,3.1535542011e-01,-1.7962947488e-01,1.5550586581e-01,-3.1067749858e-01,-1.4456482232e-01,-1.7767973244e-02,2.9464408755e-01,8.1232972443e-03,-9.4902090728e-02,2.8764149547e-01,-6.2995955348e-02,1.7247340083e-01,2.1111791953e-02,-1.4098840952e-01,-2.7796554565e-01,-3.2540515065e-02,1.2380136549e-01,1.9609838724e-01,1.0326403379e-01,4.3152612448e-01,3.0954661965e-01,1.1658288538e-01,3.5216599703e-02,-1.8123757839e-01,5.3135573864e-02,-4.7737281770e-02,-2.5556050241e-02,-5.1031112671e-01,-1.8256634474e-01
-1.6263830662e-01,-4.0982350707e-02,-4.9003198743e-02,1.0826148838e-01,8.5412926972e-02,-1.1708223820e-01,9.2408880591e-02,-1.1597952247e-01,-2.1225534379e-01,-3.1495645642e-01,7.6570257545e-02,3.3655732870e-02,4.9284937978e-01,3.9236202836e-01,1.7257878184e-01,-3.7819862366e-01,-4.5188248158e-02,7.4235156178e-02,1.5653327107e-01,-1.4031994343e-01,3.6069381237e-01,1.0316058993e-01,1.2674611807e-01,-2.5365436077e-01,-1.1769832671e-01,-5.4047599435e-02,-3.4845414758e-01,1.2464433908e-02,2.5782936811e-01,3.5725876689e-02,-1.4852200635e-02,2.3134805262e-01,-1.8311300874e-01,-2.3200809956e-01,-1.6763535142e-01,-8.6140155792e-02,2.2450034320e-01,2.4778336287e-02,1.8870104849e-01,3.2588168979e-01,2.1378490329e-01,-6.0435101390e-02,1.3578756154e-01,2.5959432125e-01,5.0624947995e-02,2.0382285118e-01,-2.4951890111e-02,-2.0842593908e-01,3.5075184703e-01,8.1959694624e-02,-1.2654638290e-01,2.5612127781e-01,-1.7290610075e-01,-8.9070096612e-02,-1.9066078588e-02,-1.8751773238e-01,1.2662041932e-02,2.1276414394e-01,-3.3544385433e-01,4.0472961962e-02,4.1195178032e-01,-2.1762032807e-01,1.6252800822e-01,1.7806857824e-01,-1.3500505686e-01,1.8910974264e-02,2.6372307539e-01,-1.2997028232e-01,-3.2708519697e-01,1.3624772429e-01,3.2925021648e-01,-1.3923335075e-01,4.5470893383e-02,-2.7394598722e-01,-1.2011464685e-01,1.5745165944e-01,1.2320944667e-01,9.3356832862e-02,3.3370289207e-01,2.5332033634e-01,2.4291357026e-02,2.5735923648e-01,-2.2802805901e-01,-4.4452804327e-01,-2.4539475143e-01,2.0452997088e-01,1.1655075848e-01,-3.2296383381e-01,3.9259055257e-01,-1.8894067407e-01,2.5183111429e-03,-3.1686645746e-01,1.9009768963e-01,4.2273223400e-01,1.8871404231e-02,-3.0145090818e-01,-2.2491440177e-04,1.2291751802e-01,-1.3602507114e-01,1.3916109502e-01,-1.1217325926e-01,3.1980174780e-01,2.1340444684e-01,-6.1327729374e-02,-6.4557708800e-02,4.6069210768e-01,-5.4541435093e-02,-5.9267185628e-02,2.6276841760e-01,-1.6143737733e-01,-6.9979831576e-02,-7.4599154294e-02,2.9728351161e-02,-7.3270618916e-02,-2.1027913690e-01,2.8420877457e-01,-3.4940302372e-02,1.0916565359e-01,2.9182350636e-01,-5.9635989368e-02,-2.3932856321e-01,-3.2622992992e-01,-2.2101648152e-01,1.9025607407e-01,2.6850011945e-01,1.1797368526e-02,-4.7725591063e-01,-1.5705218911e-01
-5.4634131491e-02,-1.3128057122e-02,4.4658127427e-01,6.3375897706e-02,8.4534659982e-02,7.5315058231e-02,1.7324088514e-01,-6.6357977688e-02,-7.3726661503e-03,3.7479583174e-02,-1.8766178191e-01,-3.3632710576e-02,1.5437734127e-01,2.6093539596e-01,-1.9228272140e-02,2.3468948901e-02,6.8897448480e-02,4.1265532374e-02,-4.5669369400e-02,-3.5637035966e-02,3.8545507193e-01,4.5418035239e-02,2.6761049032e-01,-1.4672565460e-01,1.5748934448e-01,-3.2244649529e-01,-2.8469726443e-01,1.2133035809e-01,7.4779860675e-02,-2.1478050947e-01,1.1047987640e-01,-1.0334585607e-01,-1.1877534539e-01,-1.4331029356e-01,-1.8515537679e-01,-4.0315866470e-02,1.2899288535e-01,6.7648343742e-02,1.0113810003e-01,3.4602308273e-01,-1.3630172610e-01,2.6076543331e-01,2.5101596117e-01,9.6072740853e-03,-1.9525389373e-01,4.4678144157e-02,8.7038651109e-02,-1.7946100235e-01,-2.3639596999e-02,-9.4772860408e-02,-3.6510860920e-01,1.2724283338e-01,2.9623323679e-01,3.0683368444e-02,-6.3444465399e-02,-1.3423039019e-01,-2.0302101970e-01,1.8982934952e-01,1.8727833033e-01,-3.2994455099e-01,2.6256769896e-01,-2.4605497718e-01,1.3954558969e-01,2.6465588808e-01,1.1123044044e-01,-1.3539680839e-01,1.7869202793e-01,-1.1307386681e-02,-3.1030964851e-01,1.0979771614e-03,6.1353296041e-01,-1.2018926442e-01,-1.3313630223e-01,-4.6212476492e-01,-1.6546982527e-01,-6.4242273569e-02,1.9594863057e-01,2.7740396559e-02,2.7658122778e-01,2.2108319402e-01,5.5679723620e-02,2.9992507771e-02,4.4237539172e-02,-3.6673897505e-01,-3.9686751366e-01,1.4333200455e-01,8.3635807037e-02,-3.1148430705e-01,1.7234198749e-01,-5.5073101074e-02,-2.6231300831e-01,-9.4759054482e-03,5.5272734165e-01,4.2426949739e-01,-1.6701558232e-01,7.9148389399e-02,-2.9616970569e-02,2.3929691315e-01,-2.5222951174e-01,-3.9834164083e-02,1.6054528952e-01,-2.1858182549e-01,-5.0005622208e-02,5.0107255578e-02,1.6508212686e-01,2.6138266921e-01,-5.5493526161e-02,-4.5522299409e-01,1.5340229869e-01,-1.8305756152e-02,-1.4119809866e-01,-1.3822275400e-01,7.7501367778e-03,1.5953403711e-01,-2.5937205553e-01,2.8395783901e-01,5.8802787215e-02,1.2148713320e-01,4.0942472219e-01,1.3559968770e-01,-5.9554912150e-02,-1.7758947611e-01,-2.0357090235e-01,4.0136671066e-01,1.8304243684e-01,9.5290973783e-02,-9.0216904879e-02,-2.8951510787e-02
-5.3629763424e-02,-5.5664777756e-03,2.2237962484e-01,3.6431625485e-01,8.9758336544e-02,1.4638435841e-01,3.8318628073e-01,1.1263598502e-01,5.3135033697e-02,-2.6567801833e-01,-1.2393835187e-01,2.4095021188e-01,1.6378751397e-01,9.9913679063e-02,2.9349219799e-01,-3.3532851934e-01,-3.4968000650e-01,4.7449275851e-01,-1.0979445279e-01,-2.9828943312e-02,1.4042033255e-01,2.3946766555e-01,-1.0535401106e-01,-3.4398138523e-01,-2.5154185295e-01,-1.9593733549e-01,-3.2508000731e-01,-1.2706558406e-01,1.6907493770e-01,-2.7170079947e-01,2.0642134547e-01,2.5723072886e-01,2.1139949560e-01,-2.1212854981e-01,-2.8835797310e-01,-9.6654713154e-02,2.3120945692e-01,1.8188907206e-01,-7.4241228402e-02,5.0703644753e-01,-4.9113549292e-02,4.0359491110e-01,1.2240052968e-01,3.4888241440e-02,5.4969090968e-02,2.7374717593e-01,-1.2421208620e-01,-3.5094100237e-01,1.1601527035e-01,-6.4531311393e-02,-1.9756694138e-01,3.7291321158e-01,1.5686854720e-01,-1.3870628178e-01,-1.8902090192e-01,-8.5142806172e-02,9.3272402883e-02,4.7561965883e-02,-2.2501185536e-01,1.3955757022e-03,1.6651302576e-01,-2.7773857117e-01,-1.5888822079e-01,1.2441974878e-01,-2.0171350241e-01,-4.9035064876e-02,4.5214197040e-01,-3.3871445060e-01,-5.5520260334e-01,1.3818004727e-01,5.2626943588e-01,4.9044303596e-02,-2.5043830276e-01,-4.2575117946e-01,-3.1838172674e-01,3.5459393263e-01,-4.4114142656e-02,6.9939836860e-02,5.3294610977e-01,7.0288777351e-02,-2.0499446988e-01,9.6034482121e-02,-8.0109648407e-02,-2.8288957477e-01,-2.5382646918e-01,-1.4171493053e-01,7.7482253313e-02,-3.3999124169e-01,1.2610222399e-01,-2.5997549295e-01,-3.0504813790e-01,-2.7172225714e-01,2.8604403138e-01,4.4164872169e-01,5.2919834852e-02,-2.5757235289e-01,-1.3476574421e-01,1.5643066168e-01,-7.2989307344e-02,3.1352299452e-01,5.8468386531e-02,1.7117282748e-01,1.2966428697e-01,5.3642801940e-03,-1.2280783057e-01,6.2179595232e-02,2.3148366809e-01,-2.1005798876e-01,2.9561799765e-01,-1.4306515455e-01,2.1437196434e-01,-8.4950976074e-02,1.9337342680e-01,-1.8643969297e-01,-9.3081995845e-02,1.5070378780e-01,1.0370253772e-01,2.0447541773e-01,2.1110430360e-01,-1.2195679545e-01,-1.1876046658e-01,-2.8518575430e-01,-3.8048046827e-01,4.8310518265e-01,-4.8266485333e-02,4.7402673960e-01,-4.8670047522e-01,2.0790685713e-01
4.1137423366e-02,5.8379080147e-03,-1.0986846685e-01,2.0049272478e-01,-2.1262583137e-01,-1.6907176375e-01,5.1925100386e-02,-2.9144513607e-01,-1.2932801247e-01,-8.1315457821e-02,-4.6900516748e-01,4.6541750431e-02,-7.7065289021e-02,4.0897610784e-01,-1.5248782933e-02,9.2405669391e-02,-2.0510096848e-01,3.8929915428e-01,1.9714963436e-01,3.1581684947e-02,3.6313885450e-01,2.7679175138e-01,-1.0142222047e-01,-7.7160611749e-02,-1.7139112949e-01,-2.4354983866e-01,3.6197014153e-02,-5.4351997375e-01,-1.1262193322e-02,-2.8084799647e-01,2.6771763340e-02,-4.0758854151e-01,-1.9374832511e-01,-1.6549339890e-01,-2.9863142967e-01,1.9926305115e-01,4.5719981194e-02,1.9270709157e-01,-7.3382928967e-02,4.3249678612e-01,-2.4098256230e-01,2.2924283147e-01,1.8624913692e-01,-2.2883340716e-04,2.5176823139e-01,5.9216612577e-01,-2.2053523362e-01,-9.4580039382e-02,1.0754427314e-01,-4.3803626299e-01,-2.9941689968e-01,3.1270271540e-01,1.1816591769e-01,-1.0140790045e-01,-3.5832494497e-01,2.7855211496e-01,-8.4888495505e-02,3.7584888935e-01,2.3298263550e-03,-5.4807458073e-02,1.4621669054e-01,-2.7650308609e-01,7.5213119388e-02,4.7244322300e-01,1.0555331409e-01,-2.4441781640e-01,1.0220769793e-01,-2.2632813454e-01,-2.5358334184e-01,1.4632444084e-01,3.8937595487e-01,1.5657824278e-01,9.6249885857e-02,-3.9630767703e-01,-2.4381224811e-01,2.1991431713e-01,1.3570070267e-01,3.5735261440e-01,-9.4805672765e-02,1.9568292797e-01,7.6868221164e-02,1.2599217892e-01,-4.5582525432e-02,-4.5223012567e-01,-3.9751440287e-01,-1.1368973553e-01,7.2345659137e-03,-3.1112891436e-01,-2.0214709640e-01,1.8374621868e-04,-1.3092043996e-01,-3.7956795096e-01,-4.4330801815e-02,5.3288966417e-01,1.4305731654e-01,1.3066318631e-01,2.3008748889e-02,-2.5257706642e-02,-9.5875129104e-02,-1.1896426976e-01,-1.4167514443e-01,2.9978293180e-01,-2.1038571000e-01,-1.6790246964e-01,3.0832001567e-01,4.1519600153e-01,8.8066592813e-02,-2.0325982571e-01,-2.0746145397e-02,5.8616772294e-02,-2.3927050829e-01,-2.4845753610e-01,-3.4727070481e-02,-1.4038304985e-01,-3.0303788185e-01,3.1190216541e-01,4.3652769178e-02,3.3970022202e-01,6.6275537014e-01,2.3448213935e-01,-8.9743241668e-02,-3.3013591170e-01,-4.0313869715e-02,4.1025656462e-01,1.0290677100e-01,-1.6096964478e-02,-1.6927954555e-01,6.0103982687e-02
8.1073768437e-02,-1.4981418848e-01,2.6816695929e-01,2.5114458799e-01,1.8933650851e-01,1.4861187339e-01,1.1860360205e-01,1.3166917488e-02,1.7327778041e-02,6.1838351190e-02,-1.2864752114e-01,8.2781761885e-02,2.9683101177e-01,3.5480121151e-03,1.1027348042e-01,-7.1308761835e-04,1.9214057922e-01,1.1477895081e-02,-5.5931560695e-02,-5.9547640383e-02,2.8123715520e-01,1.4959783852e-01,3.3937573433e-01,-9.3631140888e-02,1.9087074697e-01,-3.4416690469e-03,-1.1735583097e-01,1.3470733166e-01,1.8287678063e-01,-2.0085400343e-01,-8.0582350492e-02,-3.8563422859e-03,-1.1351449043e-01,-2.2928036749e-01,-9.3200050294e-02,-9.7029715776e-02,1.7872099578e-01,-7.0658966899e-02,2.2766880691e-01,3.6055907607e-01,-7.9151794314e-02,2.1503496170e-01,2.2845067084e-01,1.0747309029e-01,-1.9787478447e-01,1.8277671188e-02,-4.6088367701e-02,-1.9389958680e-01,1.5937376767e-02,-2.4163754284e-01,-4.3988543749e-01,-1.5250664204e-02,5.8428421617e-03,7.9888403416e-03,6.6552713513e-02,1.7559808493e-01,-2.7176183462e-01,1.6263927519e-01,1.1639218032e-01,-2.1340741217e-01,-5.4797679186e-02,-2.8269475698e-01,2.3968052864e-01,4.2988151312e-01,2.6125800610e-01,-4.4183257222e-01,3.1092351675e-01,8.7714254856e-02,-2.3900264502e-01,7.3065325618e-02,4.6726503968e-01,1.8141875044e-02,-2.1356210113e-01,-5.5238747597e-01,-2.1489056945e-01,-8.1816442311e-02,3.6133325100e-01,-3.3843740821e-02,2.6485270262e-01,1.6676876694e-02,1.4308321476e-01,-1.3990697451e-02,1.7147839069e-02,-1.2325206399e-01,-2.2334733605e-01,9.6931755543e-03,1.3625693321e-01,-3.6220070720e-01,1.4921167493e-01,-7.9195231199e-02,-2.3307739198e-01,5.2192255855e-02,6.4953899384e-01,3.3587181568e-01,-2.2944834828e-01,-5.6618392467e-02,-1.8278290331e-01,1.6799966991e-01,-1.2973046303e-01,-1.6987019777e-01,1.1659973860e-01,3.8748990744e-02,6.3356533647e-03,9.2178896070e-02,1.6906434298e-01,6.0816697776e-02,-6.8062208593e-02,-3.2896104455e-01,1.2815754116e-01,-1.9003991783e-01,-2.7469378710e-01,2.8972625732e-03,7.4922569096e-02,7.7486947179e-02,-2.2670291364e-01,4.4997143745e-01,-7.8578963876e-03,-1.0977138579e-01,1.1577254534e-01,1.7987114191e-01,5.0448730588e-02,-9.1744370759e-02,-3.0897483230e-02,2.4261201918e-01,1.5860947967e-01,1.4025915414e-02,-3.0655604601e-01,1.9006937742e-02
7.8911125660e-02,2.9324892908e-02,7.6830655336e-02,-5.8411851525e-02,3.0212588608e-03,3.4858070314e-02,1.3314704597e-01,8.2929804921e-03,1.4761678874e-01,-3.0033269525e-01,-2.8503352404e-01,-9.1390028596e-02,1.5821704268e-01,1.5691138804e-01,2.3905348778e-01,-1.5828019381e-01,1.0691332817e-01,1.3389253616e-01,-4.5364432037e-02,4.4337518513e-02,8.7929934263e-02,3.0707341433e-01,1.2730440497e-01,-2.5108361244e-01,-2.3877145350e-01,-4.2935892940e-02,-2.2775912285e-01,4.1961622238e-01,3.0186551809e-01,5.7025961578e-02,-1.8990015984e-01,4.6844154596e-02,-2.7855715156e-01,-3.0593171716e-02,1.2884557247e-01,-3.1505376101e-01,-1.4090248942e-01,1.0743984580e-01,1.8932484090e-01,2.7963259816e-01,-8.0747157335e-03,-9.1474950314e-02,1.3606564701e-01,1.4012619853e-01,-1.3557073474e-01,4.4363772869e-01,2.1909248829e-01,-8.5869103670e-02,1.1476238072e-01,-1.2612524629e-01,-3.3542078733e-01,1.3058595359e-02,2.1457099915e-01,-2.1427920461e-01,-1.7827095091e-01,2.3382928967e-01,9.0853258967e-02,3.2335162163e-01,-2.2629167140e-01,-8.9021027088e-02,1.0592360795e-01,-2.0199841261e-01,-2.6700097322e-01,4.2282441258e-01,-3.7866657972e-01,-1.2214720994e-01,-1.3012617826e-02,2.0635491610e-01,-2.5504708290e-01,9.4997324049e-02,1.5767596662e-01,-3.7211561203e-01,1.0160985589e-01,-2.3204216361e-01,-4.2913338542e-01,6.6567815840e-02,7.3330581188e-02,2.1617925167e-01,1.0449536145e-01,4.4730417430e-02,1.5360856056e-01,8.4036216140e-02,9.3918934464e-02,-1.5803638101e-01,3.1244352460e-02,-3.4670114517e-01,1.7666770518e-01,-2.3659352958e-01,-2.3579895496e-01,2.0350627601e-02,-8.0923736095e-03,-1.8156699836e-01,1.8086987734e-01,1.6620382667e-01,-7.1714878082e-02,-4.9018472433e-02,-2.3715412617e-01,4.8142954707e-01,-3.5111129284e-01,1.9109383225e-01,-8.0830171704e-02,1.3068594038e-01,-4.9014318734e-02,-7.5529396534e-02,9.3091189861e-02,1.3985177875e-01,1.5521809459e-02,3.8140732050e-01,3.1636303663e-01,-2.1869498491e-01,2.3376625776e-01,-1.1213136464e-01,-1.5887460113e-01,1.1970326304e-02,1.0264523327e-01,-1.8765392900e-01,3.7164103985e-01,1.4078804851e-01,6.0769416392e-02,1.1222738773e-01,6.8474717438e-02,-9.3499138951e-02,-3.1882572174e-01,1.8186728656e-01,-1.8697735667e-01,3.4211298823e-01,-3.9473402500e-01,1.3640971482e-01
2.2637061775e-02,-7.2299361229e-02,-2.1205627918e-01,-1.2462466210e-01,-2.0381152630e-02,1.7810530961e-01,1.1034078151e-01,2.4195404723e-02,2.6418986917e-01,7.3290266097e-02,2.1537768841e-01,1.3908506371e-02,3.0016246438e-01,-2.8189870715e-01,1.1323462427e-01,-4.0338316560e-01,2.2417312860e-01,1.1395046115e-01,-7.0536300540e-02,6.3681043684e-04,-3.4257304668e-01,1.3759826124e-01,-1.8122097850e-01,-1.6010957956e-01,9.3071013689e-02,4.2988181114e-02,-4.2613112926e-01,2.3391224444e-02,2.2180122137e-01,-1.4215484262e-01,-1.6420052946e-01,3.3903193474e-01,-7.3894202709e-02,-9.6357643604e-02,9.5044396818e-02,-2.9955017567e-01,1.5248782933e-02,-1.4898768067e-01,2.3237846792e-01,1.4075462520e-01,-7.9054348171e-02,1.0088557005e-01,-1.7180666327e-01,-1.6208572686e-01,1.6841304302e-01,2.0455852151e-01,3.7856289744e-01,-3.3623281121e-01,4.4762678444e-02,-1.7260983586e-01,-4.1328105330e-01,2.4312914908e-01,1.0926683247e-01,1.0737791657e-01,-2.3003730178e-01,3.2249918580e-01,-1.6539034247e-01,1.8031418324e-01,-2.7345058322e-01,1.7984154820e-01,1.1448682845e-01,2.2011445463e-01,-3.6002704501e-01,9.1562008858e-01,-2.1752864122e-03,-1.5957435966e-01,1.7699956894e-01,-2.6247555390e-02,-1.9948199391e-01,1.2602828443e-01,1.3542075455e-01,-4.4272173196e-02,-5.5281974375e-02,1.3426537812e-01,-2.8177693486e-01,-1.2938889861e-01,4.4373430312e-02,-9.0172268450e-02,3.0399662256e-01,1.8167944252e-01,3.0550581217e-01,2.0119899511e-01,-1.4053708315e-01,7.5142532587e-03,1.4796891809e-01,-1.3542935252e-01,2.5219568610e-01,-1.1859109253e-01,-4.0885001421e-02,-2.3288582265e-01,-2.2944577038e-02,-1.7645815015e-01,3.4516519308e-01,3.5367388278e-02,-7.3202982545e-02,-4.0410268307e-01,1.4076712728e-01,1.1495423317e-01,-4.5211684704e-01,2.3713929951e-01,-2.0946025848e-01,1.0501679778e-01,3.1853973866e-02,6.0175877810e-01,1.6480569541e-01,-4.1386562586e-01,-1.1891623586e-01,-9.4088748097e-02,1.6590304673e-02,-2.7618241310e-01,-3.1290687621e-02,-7.0603579283e-02,-9.7271054983e-03,-9.9802523851e-02,2.8315402567e-02,-4.2740687728e-02,2.8623777628e-01,2.3346148431e-01,6.1725638807e-03,1.2088581920e-02,-9.3108989298e-02,-1.2175342441e-01,-4.7485294938e-01,3.4304165840e-01,1.9173860550e-01,-1.4804133773e-01,-8.3399951458e-02,2.2578434646e-01
