-1.7583711445e-01,-1.0517264903e-01,3.9080630988e-02,4.2959931493e-01,-2.4040161073e-01,3.0331820250e-01,6.7620061338e-02,-4.8347380757e-01,3.0849777162e-02,2.3644143716e-02,7.4896551669e-02,-5.4573453963e-02,-4.0587660670e-01,5.0362944603e-01,-1.8146483600e-01,1.1701232195e-01,-1.2069910765e-01,2.9126861691e-01,-5.9241986275e-01,1.5130220354e-01,-1.7642661929e-01,-3.6495238543e-01,-2.0440216362e-01,-1.3743670285e-01,5.6160345674e-02,3.0132066458e-02,6.7611113191e-02,-3.2114183903e-01,3.2910442352e-01,-1.3369022310e-01,-1.4601999894e-02,1.5240453184e-01,1.5231849253e-01,-2.8440347314e-01,1.1022076011e-01,-5.4759830236e-02,5.3559094667e-02,4.7845050693e-02,-2.7502825856e-01,2.7218136191e-01,1.4036107063e-01,-4.0906459093e-02,-1.5436820686e-01,8.8316679001e-02,-2.1487252414e-01,1.2824656069e-01,4.8006556928e-02,-3.3175375313e-02,-1.5905129910e-01,4.8404484987e-02,3.1220883131e-01,-6.3153100014e-01,-4.8567035794e-01,3.1793111563e-01,-2.5407627225e-01,7.4365049601e-02,-1.9119440019e-01,2.2970816493e-01,-4.8300988972e-02,5.5980734527e-02,1.1154539883e-01,-4.1036954522e-01,-2.1983303130e-01,2.8287863731e-01,3.9874503016e-01,-2.7448031306e-01,-5.4049313068e-02,1.7356079817e-01,-7.0425324142e-02,2.5032481551e-01,-1.6392253339e-01,5.2489869297e-02,-2.0139037073e-01,2.1425905824e-01,5.7738039643e-02,1.3735759258e-01,1.1859198660e-01,2.9186701775e-01,-3.6800110340e-01,6.9711498916e-02,-1.8395386636e-02,-2.0298618078e-01,2.3496426642e-01,-3.8897880912e-01,-1.0710577667e-01,7.3062613606e-02,7.8300766647e-02,1.1557093263e-01,-5.6677025557e-01,-3.8150329143e-02,4.4691836834e-01,-1.2974023819e-01,3.4982763231e-02,-1.3816918433e-01,1.6007083654e-01,-5.2125197649e-01,5.0164586306e-01,-4.4182309508e-01,4.1645850986e-02,1.6337087750e-01,5.6335031986e-02,3.1562456489e-01,-1.2621793896e-02,3.3707731962e-01,-1.6299040616e-01,-1.0700766928e-02,-1.9131667912e-02,-1.6732138395e-01,3.1819811463e-01,1.6399008036e-01,-2.9961325228e-02,1.9855619967e-01,2.4654024839e-01,6.0195527971e-02,-1.6266302764e-01,-2.9103493690e-01,2.6763430238e-01,2.8104877472e-01,-2.7611926198e-01,-2.9476834461e-02,3.3314737678e-01,-1.5753760934e-01,1.9036415219e-01,-9.0701594949e-02,1.8577065319e-02,-2.2428412735e-01,-4.4755049050e-02,-6.2829893827e-01
3.5887323320e-02,5.0921690464e-01,-4.9362295866e-01,3.0308303237e-01,-6.3926678896e-01,4.8795831203e-01,-7.6135784388e-01,5.2950937301e-02,4.9241084605e-02,-1.4109322801e-03,-4.7708597779e-01,-3.2118886709e-02,3.6261722445e-01,1.3091519475e-01,-2.6526454091e-01,-8.2883268595e-02,-2.6576608419e-01,4.4371500611e-01,-2.5435060263e-01,1.0796291381e-01,2.1374406293e-02,-4.0686494112e-01,1.6882175580e-02,-3.6459663510e-01,1.0127339512e-01,-2.0605809987e-01,1.0599301755e-01,-3.6205638200e-02,4.3675789237e-01,4.8493929207e-03,-7.8621678054e-02,1.2106067501e-02,-1.3946031034e-01,-9.2523500323e-02,1.3783408701e-01,-1.8175221980e-01,8.2286365330e-02,-1.0131427087e-02,-3.2225739956e-01,4.1138359904e-01,1.3976384699e-01,-3.0899545178e-02,5.5030588061e-02,1.4920086600e-02,-2.1601659060e-01,2.0348258317e-01,4.8827007413e-02,-9.3270666897e-02,-2.1008144319e-01,3.1969588250e-02,3.1979206204e-01,-5.0722903013e-01,-4.4288221002e-01,3.8464158773e-01,-2.7835118771e-01,1.1837999523e-01,-1.4487448335e-01,1.8392652273e-01,-4.5042231679e-02,3.4232340753e-02,8.3897739649e-02,-1.6690805554e-01,-3.1060001254e-01,4.1528177261e-01,8.7397834286e-03,-4.1871774197e-01,1.2387219071e-01,6.0117371380e-02,-1.8867787719e-01,-2.4002639577e-02,-2.9823574424e-01,1.9747000933e-01,-3.7140950561e-01,1.3432435691e-01,-1.7233021557e-01,1.8980184570e-02,6.4864292741e-02,5.2538704872e-01,-3.4569960833e-01,-1.1727759987e-01,5.7750068605e-02,-3.1891134381e-01,1.4551125467e-01,-2.0000696182e-01,9.9945001304e-02,-1.5451632440e-01,1.6970437765e-01,1.9974033535e-01,-7.2754102945e-01,-4.1854867339e-01,-2.8486691415e-02,1.4958795905e-01,2.2379295528e-01,4.4650282711e-02,1.0200820118e-01,-5.0068110228e-01,5.7899349928e-01,-2.9544228315e-01,-1.4187033474e-01,-1.1200563610e-01,1.4404246211e-01,3.4423792362e-01,2.5219835341e-02,-1.2755165808e-02,2.6752665639e-01,3.5792338848e-01,4.2809575796e-02,-8.7373368442e-02,3.8001638651e-01,2.0007492974e-02,2.9977681115e-02,-3.0861359835e-01,-2.1229183674e-01,4.1986189783e-02,-3.6415132880e-01,-8.3979344368e-01,4.7597265244e-01,-9.8502472043e-02,-7.7595323324e-01,-3.5741567612e-01,3.2085311413e-01,-3.1918734312e-01,-3.2470631599e-01,1.4808508568e-02,-2.4394777417e-01,5.1907259226e-01,-2.7042421699e-01,-5.0629967451e-01
-6.3432149589e-02,2.0915016532e-02,-1.2724076211e-01,9.2359557748e-02,-1.3581518829e-01,2.4389500916e-01,-1.2360669672e-01,-1.5674281120e-01,-1.2135420740e-01,-3.0088213086e-01,-3.2566961646e-01,-8.2723461092e-02,-1.6340090334e-01,4.7688174248e-01,-5.0327026844e-01,-6.6688463092e-02,-2.6084965467e-01,2.7812340856e-01,-5.4412597418e-01,4.7794684768e-02,-1.5437058173e-02,-2.0184619725e-01,3.2842673361e-02,-1.0006934404e-01,-2.6089799404e-01,-8.8304013014e-02,-2.9464930296e-02,-2.9556035995e-01,3.7490382791e-01,-7.2339884937e-02,2.3890842497e-01,3.7520283461e-01,-1.9085772336e-01,-2.9276084155e-02,1.5827102959e-01,-1.9531205297e-01,9.5251411200e-02,-2.2716378793e-02,-3.4055894613e-01,4.6287459135e-01,1.4748518169e-01,-3.8937374949e-02,1.1183352768e-01,-9.1960905120e-03,-2.0730899274e-01,2.1714198589e-01,6.3890993595e-02,-9.9034443498e-02,-2.2759158909e-01,6.1615030281e-03,3.1459811330e-01,-4.6446046233e-01,-4.0825566649e-01,3.7293055654e-01,-2.7633094788e-01,1.4591337740e-01,-1.4027585089e-01,1.7136980593e-01,-5.8148104697e-02,1.8568396568e-02,1.1215385050e-01,-1.1583030224e-01,-3.6775889993e-01,3.7972268462e-01,2.3940229788e-02,-2.2923044860e-02,-1.8865201855e-03,-1.0408337414e-01,1.7668503523e-01,-2.3416971788e-02,3.1489707530e-02,-1.1261215806e-01,-4.8131730407e-02,6.5589718521e-02,-5.3431902081e-02,5.7920801640e-01,-3.7448190153e-02,-1.1430762708e-01,-3.5471707582e-01,9.0013712645e-02,-3.7279397249e-01,2.8203490376e-01,-5.8031640947e-02,-2.6723188162e-01,-5.5608582497e-01,1.4795088768e-01,2.0706208050e-01,-1.7496694624e-01,-3.0268239975e-01,1.8507890403e-01,2.2775869071e-01,2.5901034474e-01,6.3297799788e-03,-3.1348446012e-01,1.1718390509e-02,-2.0928615332e-01,5.3933650255e-01,-2.8130599856e-01,-1.0345428437e-01,-1.1454892904e-01,1.0004363209e-01,3.1465926766e-01,5.7477552444e-02,-1.4995954698e-03,2.3529422283e-01,3.8084790111e-01,5.7133968920e-02,-1.0811344534e-01,3.7942901254e-01,4.0731340647e-02,6.1660486972e-04,-2.6536178589e-01,-2.2080549598e-01,2.0925967023e-02,-3.1044185162e-01,-7.6754075289e-01,4.6797508001e-01,-9.4710364938e-02,-7.4636167288e-01,-3.3590897918e-01,3.1538000703e-01,-2.8923797607e-01,-2.8947499394e-01,4.3969508260e-02,-2.3646292090e-01,5.0387710333e-01,-2.6784086227e-01,-5.2721506357e-01
-6.9573700428e-02,-4.8256829381e-02,-7.9686209559e-02,1.8525037915e-02,-5.9076335281e-02,2.1749772131e-01,1.5961925965e-03,-1.6787926853e-01,-1.4154641330e-01,-3.4907013178e-01,-2.9182237387e-01,-1.0452462733e-01,-2.1895174682e-01,5.0656366348e-01,-5.4219567776e-01,-1.1519619823e-01,-2.0792792737e-01,2.5001275539e-01,-5.7462471724e-01,8.5704319179e-02,-1.5335376374e-02,-1.8447038531e-01,7.1895249188e-02,-7.9476825893e-02,-3.3106499910e-01,-6.4208433032e-02,-8.9202672243e-02,-3.3500960469e-01,3.9783149958e-01,-6.8840615451e-02,3.1097438931e-01,4.2204824090e-01,-3.7876540422e-01,1.5459364653e-01,1.2446247786e-01,-2.1221771836e-01,-6.2611013651e-02,-2.5656464696e-01,-3.6404332519e-01,5.0584572554e-01,2.8831901029e-02,-4.8251386732e-02,6.9022022188e-02,-1.8875458837e-01,-1.0379209369e-01,2.0514848828e-01,2.2154983878e-01,-6.6109716892e-02,-2.7190759778e-01,-6.9599151611e-02,3.1097415090e-01,-4.9963328242e-01,-2.4633912742e-01,2.5864616036e-01,-1.3221973181e-01,1.4563040435e-01,-1.4113719761e-01,1.1279159039e-01,-1.6622053087e-01,1.2320558727e-01,2.8728798032e-01,1.8926942348e-01,-3.8114130497e-01,1.5449133515e-01,7.3455251753e-02,-1.0967056453e-01,3.6037541926e-02,-9.8818793893e-02,1.6155144572e-01,-8.9221581817e-02,-2.5111930445e-03,-7.8921705484e-02,-9.3358077109e-02,9.0547151864e-02,-1.1287441850e-01,4.8335543275e-01,-4.8726417124e-02,-9.5076739788e-02,-3.8104116917e-01,7.9122655094e-02,-3.5078692436e-01,2.6086312532e-01,-8.1089533865e-02,-2.3198466003e-01,-4.5654585958e-01,9.9503628910e-02,2.0631851256e-01,-2.0594426990e-01,-3.4957185388e-01,1.4023923874e-01,1.9561676681e-01,2.7655163407e-01,7.0602156222e-02,-1.9445750117e-01,-6.4423263073e-02,-1.9778224826e-01,5.1046383381e-01,-2.2237074375e-01,5.4578799754e-02,-9.1687500477e-02,8.4125943482e-02,9.9147826433e-02,7.6774843037e-02,-3.8488551974e-02,1.3874523342e-01,1.9134858251e-01,-6.0101870447e-02,1.6010381281e-01,2.7225565910e-01,4.9780141562e-02,-3.4484870732e-02,-2.8177955747e-01,-2.1099859476e-01,1.2334952503e-01,-4.2392048240e-01,-5.5526387691e-01,3.0264818668e-01,1.9702216610e-02,-5.8758962154e-01,-3.2220047712e-01,3.2468050718e-01,-2.0739191771e-01,-2.9726451635e-01,2.5928509235e-01,-1.1456333846e-01,3.6497503519e-01,-1.4604163170e-01,-3.1312757730e-01
4.1568316519e-02,-2.6605490595e-02,-1.9336073101e-01,-2.7018156648e-01,-2.5781968236e-01,2.2734764218e-01,8.8372692466e-02,-1.5447779000e-01,-1.8205076456e-01,-2.2347515821e-01,1.2203089893e-01,-1.1422104388e-01,-3.7114448845e-02,-6.9115045480e-03,6.5466038883e-02,-4.0629917383e-01,9.2695347965e-02,2.8091856837e-01,-3.6749627441e-02,3.8193735480e-01,-1.4697549865e-02,-2.9610499740e-01,1.6734081507e-01,-3.5117212683e-02,-1.3266652822e-01,8.8991507888e-02,-3.9658212662e-01,-1.3029134274e-01,4.2427110672e-01,3.2514315844e-01,-1.0575094819e-01,5.2390310913e-02,-5.1116864197e-03,-3.0819222331e-02,2.8406935930e-01,-1.9303843379e-01,-5.0168044865e-02,-9.2270411551e-02,-2.4184280634e-01,3.1914100051e-01,3.1010529399e-01,8.1586480141e-02,-8.2951061428e-02,-2.2435191274e-01,-2.9857122898e-01,1.5620768070e-01,1.7156057060e-01,-1.9051822892e-04,-2.0260891318e-01,3.1975097954e-02,2.2311468422e-01,-4.4054752588e-01,-1.6314110160e-01,3.3144986629e-01,-2.5254330039e-01,4.7103416175e-02,-1.4375440776e-01,8.0748252571e-02,-1.8876044452e-01,9.6710897982e-02,4.9195352942e-02,1.2276571244e-01,-1.5830071270e-01,1.9103698432e-01,-4.5878422260e-01,-4.6083983779e-01,2.1583791077e-01,-5.8267778158e-01,4.4304764271e-01,-1.9384470582e-01,-6.0777688026e-01,-2.6453456283e-01,-3.1411066651e-01,4.2967894673e-01,-2.9747188091e-02,7.7964566648e-02,8.6428552866e-02,-2.0572355390e-01,4.0942019224e-01,-5.1022899151e-01,2.0229093730e-01,-3.1094351411e-01,4.6056863666e-01,-7.9170107841e-02,1.8880414963e-01,2.8413414955e-01,-1.1960425228e-01,-2.0813904703e-02,-1.2931521237e-01,7.8418248892e-01,2.5360482931e-01,2.0809127390e-01,-3.8653478026e-01,-2.4812420830e-02,1.0717824101e-01,-7.5163203478e-01,4.3826428056e-01,-1.4127957821e-01,3.2249972224e-01,-7.9635545611e-02,4.3997403234e-02,-1.7589697242e-01,1.3767601550e-01,-9.8176877946e-03,-3.6144755781e-02,-9.8972804844e-03,-2.2574551404e-01,3.7387266755e-01,1.0132306814e-01,6.7001096904e-02,-1.3253179193e-01,-2.1359580755e-01,-1.4558495581e-01,1.9379585981e-01,-4.6311339736e-01,-1.3794641197e-01,5.6119963527e-02,1.3719095290e-01,-2.7444970608e-01,-1.8500292301e-01,2.4374878407e-01,-3.5719167441e-02,-1.5060156584e-01,5.3646391630e-01,4.6101190150e-02,8.3347395062e-02,2.1813840140e-03,-7.3378846049e-02
1.7904903740e-02,7.2099216282e-02,-1.0614810139e-01,1.2215306051e-02,-1.8499293923e-01,1.8055418134e-01,5.7088276371e-03,-2.1257947385e-01,-1.3546948135e-01,-2.3157899082e-01,-1.5447905660e-01,-6.5520323813e-02,-1.1776368320e-01,2.4205036461e-01,-2.2956565022e-01,-1.4400614798e-01,-2.6095977426e-01,1.8273638189e-01,-3.1309685111e-01,1.9063067436e-01,5.1421683282e-02,-2.4136064947e-01,-1.0074068792e-02,-6.4292833209e-02,-1.1820853502e-01,-1.0879241861e-02,-4.6842038631e-02,-2.0077230036e-01,3.2567217946e-01,3.2450709492e-02,5.3542587906e-02,2.1359795332e-01,-1.0071527958e-01,-4.5107074082e-02,1.7247222364e-01,-2.4853950739e-01,-9.9850766361e-02,-8.0616325140e-02,-2.4149911106e-01,2.2855037451e-01,9.9688753486e-02,-5.3619749844e-02,-3.1362951268e-03,-1.3937066495e-01,-3.0408853292e-01,1.6338692605e-01,1.5339073539e-01,4.2755942792e-02,-1.0398752242e-01,-8.2884095609e-02,1.7195045948e-01,-3.0398204923e-01,-1.2924201787e-01,1.9147799909e-01,-7.3931254447e-02,-1.3025494292e-02,-1.5155187249e-01,6.4396895468e-02,-1.3042570651e-01,1.2971283495e-01,-3.1480908394e-02,-6.4834721386e-02,-1.2116660923e-01,-3.2832033932e-02,-2.8297248483e-01,-2.8512400389e-01,2.7415704727e-01,-4.4237586856e-01,2.5746315718e-01,-7.7778242528e-02,-3.8087695837e-01,2.4427765980e-02,-2.6784458756e-01,2.7373746037e-01,-8.2561023533e-02,-2.3214152083e-02,1.2147361040e-01,4.5076146722e-02,1.0826300830e-01,-3.0173105001e-01,3.4403521568e-03,-1.7255119979e-01,1.7065338790e-01,-9.3514949083e-02,1.4700084925e-01,1.2442648411e-01,-1.1136567593e-01,4.7282475978e-02,-1.3010317087e-01,2.9496505857e-01,7.8284420073e-02,3.0643549562e-01,-4.3516699225e-02,-8.0598413944e-02,1.0311593860e-01,-5.1011973619e-01,3.3902963996e-01,-2.5164443254e-01,1.1952922493e-01,-9.3085609376e-02,5.7749815285e-02,2.0817877352e-01,1.8008211255e-01,1.9288749993e-01,1.4319854975e-01,1.4408195019e-01,-1.0656388849e-01,-3.0025136471e-01,1.1088892072e-01,-2.9163727537e-02,-2.3589378595e-01,-2.0001247525e-01,5.5300310254e-02,4.5224614441e-02,-2.8620395809e-02,-2.9673120379e-01,1.3845250010e-01,-5.0491604954e-02,-2.6450616121e-01,-7.1095600724e-02,6.0771819204e-02,-5.4534997791e-02,7.9099446535e-02,1.1475870013e-01,-2.2092963755e-01,-5.1511541009e-02,-1.2628214061e-01,-2.3233927786e-01
2.3330128193e-01,2.7854971588e-02,1.1381516606e-01,-1.4704699814e-01,4.1152093560e-02,2.2539678961e-02,2.7710467577e-01,-2.7748954296e-01,-1.8806667626e-01,-3.7965235114e-01,-9.0859897435e-02,1.1183179915e-01,-3.2174679637e-01,1.2631052732e-01,-4.6168792993e-02,-1.3287746906e-01,-4.7485142946e-01,-7.7817596495e-02,-2.1837037802e-01,1.8167716265e-01,1.3557541370e-01,-1.2993119657e-01,-1.3398355246e-01,7.5748391449e-02,-1.3404159248e-01,9.5907808281e-04,1.3821302913e-02,-3.8381397724e-02,5.2437551320e-02,-9.8490631208e-03,-4.2718738317e-02,2.4989010394e-01,-2.7235430479e-01,1.5143331885e-01,1.8826009333e-01,-2.1373869479e-01,-1.8662160635e-01,-3.2354307175e-01,-2.9761344194e-01,3.8733071089e-01,1.1068294942e-01,3.3747933805e-02,-8.0478645861e-02,-3.3985757828e-01,-1.5554058552e-01,1.6010132432e-01,3.0305317044e-01,5.5566946976e-03,-2.4868030846e-01,-4.8732012510e-02,2.4735380709e-01,-4.9278855324e-01,-7.3616303504e-02,2.2470383346e-01,-9.5798112452e-02,5.9236444533e-02,-1.3833704591e-01,4.9308355898e-02,-2.5524383783e-01,1.9497236609e-01,2.4581117928e-01,3.6875629425e-01,-2.1289937198e-01,2.1782243624e-02,-2.9198238254e-01,-1.0272759199e-01,2.4715767801e-01,-2.6661355048e-02,1.7833755910e-01,4.8248328269e-02,-1.3851766288e-01,2.9109269381e-01,-1.3295710087e-01,4.1614490747e-01,2.2062972188e-01,-3.2234214246e-02,1.4261272550e-01,1.9090519845e-01,-4.6964462847e-02,-1.1845877767e-01,-1.3342781365e-01,-5.2364084870e-02,1.0216806829e-01,-1.6535682976e-01,-6.0970693827e-02,-6.3383191824e-02,-4.7172028571e-02,2.6410138607e-01,3.0502647161e-01,1.6410103440e-01,-5.3080182523e-02,2.4294546247e-01,-4.4115018100e-02,-1.1450125277e-01,3.2566362619e-01,-2.1543817222e-01,4.2894089222e-01,-2.2422099113e-01,1.1627943069e-01,-1.1057643592e-01,9.9522605538e-02,1.0694258660e-01,1.3437023759e-01,5.5900700390e-02,1.5558029711e-01,1.4211209118e-01,-9.6660457551e-02,-5.9214610606e-02,1.7516878247e-01,-4.4098637998e-02,-1.4764757454e-01,-3.1497940421e-01,-1.1153019220e-01,1.1116851121e-01,-2.5431334972e-01,-4.3001741171e-01,2.0090754330e-01,-4.3773159385e-02,-4.4286939502e-01,-2.3062647879e-01,1.9364184141e-01,-1.3366082311e-01,-1.6669088602e-01,2.0516063273e-01,-2.0953792334e-01,1.8624234200e-01,-1.3108779490e-01,-1.9401013851e-01
9.6954971552e-02,4.2021417618e-01,-3.9361506701e-01,2.7167734504e-01,-3.5578706861e-01,5.0238424540e-01,-2.1056942642e-01,-3.4838294983e-01,1.3291309774e-01,7.0224128664e-02,-2.0080251619e-02,3.1765869260e-01,-2.7056703344e-02,-3.0903562903e-01,4.7501584888e-01,-1.2487083673e-01,-1.5688417852e-01,-1.4891903102e-01,-1.7290897667e-01,-6.6507510841e-02,1.5331323445e-01,5.1964018494e-02,3.2572600245e-01,-1.8231995404e-01,2.2854031622e-01,-1.9743105769e-01,-1.1059936136e-01,3.5225465894e-01,-1.7815898359e-01,-2.0062470436e-01,4.2262440547e-03,7.4268542230e-02,-1.9152742624e-01,5.2192732692e-02,8.9788965881e-02,-9.0816900134e-02,-5.9619836509e-02,8.0318912864e-02,-3.8492774963e-01,1.9465239346e-01,8.6931645870e-02,4.0219917893e-02,-1.8029372441e-03,-1.7269554734e-01,-1.9040688872e-01,6.5050266683e-02,2.0731888711e-01,9.1996088624e-02,-1.2953814864e-01,-1.0758877732e-02,1.2313446403e-01,-2.5049474835e-01,3.8660261780e-02,2.6063686609e-01,-1.8874797225e-01,4.3215148151e-02,-8.4758646786e-02,1.6166222095e-01,-9.1193392873e-02,1.2588626146e-01,-4.8284973949e-02,1.0799833387e-01,-1.1908349395e-01,4.2738154531e-02,-2.7223911881e-01,-2.1169896424e-01,2.7063399553e-01,-5.7571627200e-02,1.6596211493e-01,-3.6778111011e-02,-1.7359957099e-01,2.6003348827e-01,-1.9547009468e-01,3.8110882044e-01,1.5527004004e-01,-3.7957940251e-02,1.4362224936e-01,1.5618011355e-01,-3.9403300732e-02,-1.8824057281e-01,-9.3270458281e-02,-5.1122654229e-02,1.2944333255e-01,-1.6989545524e-01,-1.7706273124e-02,-7.8886106610e-02,6.9990879856e-03,2.0711790025e-01,2.2073923051e-01,2.1058863401e-01,-4.3842751533e-02,2.5595048070e-01,-6.8423047662e-02,-6.3417111523e-03,2.6328513026e-01,-2.4983476102e-01,4.6333721280e-01,-2.8095811605e-01,7.9624973238e-02,-1.8259997666e-01,1.9630531967e-01,1.6240307689e-01,1.2247551978e-01,9.2476584017e-02,2.0068769157e-01,4.0210524201e-01,1.9379230216e-02,-2.0917470753e-01,2.9491049051e-01,-5.6287530810e-02,-1.2853410840e-01,-2.8645786643e-01,-2.6900365949e-01,5.5981371552e-02,-2.3376296461e-01,-4.9564987421e-01,3.3160564303e-01,-1.2955769897e-01,-5.7334154844e-01,-2.4595175683e-01,3.4223425388e-01,-2.4555519223e-01,-2.4955318868e-01,7.8020960093e-02,-2.6219743490e-01,4.0787550807e-01,-1.8011708558e-01,-4.6276813745e-01
6.7088633776e-02,3.2823851705e-01,-2.9846665263e-01,1.7568781972e-01,-3.7307697535e-01,4.1706189513e-01,-1.8922710419e-01,-2.4500142038e-01,1.1225938052e-01,9.4987131655e-02,-7.9269185662e-02,3.0720990896e-01,-3.7147231400e-02,-2.7391913533e-01,3.9286887646e-01,-1.3185961545e-01,-1.3003364205e-01,-2.5551378727e-01,-1.4293937385e-01,-3.9837710559e-02,2.2562709451e-01,8.2744404674e-02,3.5243740678e-01,-1.6701972485e-01,1.8983423710e-01,-2.1311885118e-01,-1.6648499668e-01,4.2718961835e-01,-1.9407849014e-01,-2.2241529822e-01,6.0148045421e-02,6.8337477744e-02,-1.9541902840e-01,-1.8249884248e-02,1.3176462054e-01,-1.0618896782e-01,7.2357520461e-02,4.1163433343e-02,-4.1588038206e-01,3.7587037683e-01,2.0872658491e-01,-1.3764272630e-01,-1.7496297136e-02,-5.7608038187e-02,-1.1855226010e-01,1.7567677796e-01,2.2155095637e-01,6.9740310311e-02,-1.3451434672e-01,-9.9541395903e-02,1.5352353454e-01,-1.3712787628e-01,-1.0813136399e-01,1.8443103135e-01,-9.9185205996e-02,3.2598268241e-02,-1.5044090152e-01,1.2691658735e-01,-1.2025520205e-02,-5.5383943021e-02,1.4436312020e-01,-2.4598019198e-02,-2.1878580749e-01,1.0812006891e-02,-1.8099956214e-01,-2.0905554295e-01,3.3332070708e-01,7.0449948311e-02,1.0927417129e-01,-4.2146652937e-02,-3.8724493235e-02,2.6298698783e-01,-9.3565642834e-02,1.1645788699e-01,1.0725557804e-01,5.1723338664e-02,3.3129110932e-02,7.5693808496e-02,-6.1342068017e-02,-1.6755123436e-01,-1.7815250158e-01,1.7480510473e-01,-9.1368392110e-02,-1.8433965743e-01,-1.3354043663e-01,-1.4964856207e-01,5.9315714985e-02,5.4925519973e-02,-1.6999925673e-01,-3.0634945258e-02,-3.3629745245e-02,3.5572808981e-01,1.5477897227e-01,6.0889307410e-02,-4.6087231487e-02,-2.2107635438e-01,3.8784608245e-01,-2.0957636833e-01,2.9484185576e-01,-4.0891017765e-02,-2.8313854337e-01,-2.5205132365e-01,2.5568151474e-01,3.4525161982e-01,3.3474668860e-01,-5.5427532643e-02,-3.4825645387e-02,-2.0139217377e-02,-5.9861637652e-02,4.2391148210e-01,-1.7349070311e-01,-2.4653905630e-01,-1.3703122735e-01,1.2069940567e-01,2.9296088219e-01,-9.4317279756e-02,-1.2219185941e-02,9.8568841815e-02,-4.2345854454e-03,-8.2577668130e-02,4.9066838622e-01,1.7872257531e-01,2.3081108928e-02,-3.4385001659e-01,5.5949509144e-02,7.0091851056e-02,3.9263755083e-01,-4.7595107555e-01
-5.8113760315e-03,-1.8832340837e-01,2.7773818374e-01,-2.7193301916e-01,-2.8199061751e-01,-1.6238449514e-01,-1.1412485689e-01,2.4421478808e-01,-1.8678599596e-01,-6.7732907832e-02,-4.5732644200e-01,-9.4460017979e-02,-2.6794183254e-01,2.9896244407e-01,-5.2383267879e-01,-1.1905617267e-01,-2.1210375428e-01,-3.7439039350e-01,-5.4890017956e-02,1.4012601972e-01,4.6491733193e-01,-2.4876426905e-02,5.0760861486e-02,3.8135185838e-02,-2.9454037547e-01,-1.5043838322e-01,-1.6532064974e-01,3.0305558443e-01,5.4558839649e-02,-1.1013716459e-01,1.5727731586e-01,1.9514372945e-01,-3.3428400755e-01,6.0474328697e-02,1.7038205266e-01,-1.3887709379e-01,1.4211726189e-01,-9.1739699244e-02,-4.1114163399e-01,5.7420951128e-01,2.6648426056e-01,-2.7565324306e-01,-3.8051404059e-02,-9.1390714049e-02,-3.4036960453e-02,2.3219664395e-01,2.9313424230e-01,6.0027111322e-02,-1.8782392144e-01,-2.1382516623e-01,2.0502085984e-01,-8.4328740835e-02,-1.5890350938e-01,8.4241025150e-02,1.3612864539e-02,1.1170333624e-01,-2.5362956524e-01,7.4619688094e-02,2.5560691953e-02,-1.3631395996e-01,2.8681349754e-01,3.3981893212e-02,-2.7302500606e-01,-2.7819363400e-02,-3.5328161716e-01,1.9648726285e-01,-1.4836694300e-01,-7.8129023314e-02,1.2600094080e-01,-3.7735432386e-02,-8.3187498152e-02,-1.0406626761e-01,-9.7266949713e-02,8.6712343618e-03,5.5719036609e-02,2.5938156247e-01,1.7034240067e-01,1.7425913364e-02,-2.4786247313e-01,-3.9215944707e-02,1.9295740873e-02,7.8152745962e-02,5.4381065071e-02,-2.0412802696e-01,-2.7996775508e-01,-1.1992947012e-01,7.3608839884e-03,-1.5255440772e-01,-3.7438448519e-02,5.4595150054e-02,-1.1007871479e-02,2.0225444436e-01,-1.6679292917e-01,-5.4738211632e-01,5.9093263000e-02,-1.4327956736e-01,4.0361392498e-01,-1.9447337091e-01,2.7953067422e-01,-9.3704620376e-03,-3.3829215169e-01,-2.5233629346e-01,2.4287585914e-01,3.3303594589e-01,3.2408675551e-01,-1.3594570756e-01,-5.6153755635e-02,4.4943653047e-02,-8.2046627998e-02,4.7154209018e-01,-1.4627006650e-01,-2.3003689945e-01,-8.4872730076e-02,1.2488799542e-01,2.8819859028e-01,-1.1233149469e-01,-2.6130307466e-02,1.2830799818e-01,1.8119499087e-02,-7.4952051044e-02,4.5191746950e-01,2.1867823601e-01,5.5952075869e-02,-3.4358111024e-01,9.8955638707e-02,2.1964402869e-02,4.0846616030e-01,-4.3696290255e-01
5.7651676238e-02,1.9859048724e-01,-1.0037322342e-01,1.0262990743e-01,-1.5469920635e-01,2.5444343686e-01,-6.9883197546e-02,-2.1429339051e-01,1.9662234932e-02,-5.9082943946e-02,-7.9380027950e-02,1.7058670521e-01,-2.8494200110e-01,-1.0569143295e-01,1.5271677077e-01,-1.4526444674e-01,-1.7325919867e-01,-2.1957518160e-01,-1.4328493178e-01,-6.1107590795e-02,2.3541857302e-01,9.2331171036e-02,1.8642942607e-01,-3.6157187074e-02,5.6491266005e-03,-1.8468847871e-01,-8.5611991584e-02,2.6184713840e-01,-1.4443808794e-01,-2.1818245947e-01,5.0720930099e-02,1.6529263556e-01,-2.3353271186e-01,1.0005663149e-02,1.1800957471e-01,-8.4110878408e-02,7.1581251919e-02,-2.2047597915e-02,-3.9084360003e-01,3.8189280033e-01,2.0733833313e-01,-1.1344502866e-01,-1.1955145746e-02,-7.7102623880e-02,-1.1472479254e-01,1.2737843394e-01,1.9064733386e-01,4.8139903694e-02,-1.3300287724e-01,-1.0748238862e-01,1.3372309506e-01,-1.3472609222e-01,-4.6511340886e-02,1.3833700120e-01,-6.6000379622e-02,7.9082913697e-02,-1.7745088041e-01,6.1544261873e-02,3.8064841181e-02,-5.4892763495e-02,1.1457515508e-01,-1.9260683330e-03,-1.7916370928e-01,-4.6527422965e-03,-3.2320424914e-01,1.9226949662e-02,7.5287118554e-02,-2.8447544202e-02,1.3891553879e-01,2.9414605815e-03,-1.1082920432e-01,1.3799753785e-01,-1.2894132733e-01,2.2992822528e-01,1.5458163619e-01,6.8853661418e-02,1.6988843679e-01,1.3017320633e-01,-1.4151649177e-01,-8.9684277773e-02,-5.6294880807e-02,-4.7094239853e-03,8.2073137164e-02,-1.8055967987e-01,-1.3777491450e-01,-1.1707925797e-01,-1.8192680553e-02,8.9377298951e-02,1.6218456626e-01,9.5500461757e-02,-4.7847244889e-02,2.2040693462e-01,-9.4231411815e-02,-2.8751733899e-01,2.1082630754e-01,-1.6894789040e-01,2.7023121715e-01,-2.2846664488e-01,4.3208211660e-01,-2.0546330512e-01,4.9786910415e-02,-3.0535265803e-01,3.2198974490e-01,3.2763543725e-01,2.3986202478e-01,3.2226073742e-01,2.5501003489e-02,-2.5090831518e-01,4.3214563280e-02,1.1018174887e-01,-3.5120999813e-01,-2.6514667273e-01,-3.9390119910e-01,1.4605565369e-01,1.7550629377e-01,1.2009276450e-01,6.4305803971e-04,-4.8386514187e-02,-5.9207309037e-02,-5.8497786522e-02,6.0351687670e-01,1.7389319837e-02,-1.0158465058e-01,-6.6695541143e-02,-1.2004882097e-01,2.4899914861e-01,2.2892135382e-01,-5.1959252357e-01
-7.2764903307e-02,3.0199229717e-01,-2.4370454252e-01,-1.4683106542e-01,-3.8226878643e-01,6.1933856457e-02,-2.6040676236e-01,-2.7930912375e-01,-1.8583390117e-01,-9.4281785190e-02,-8.0560766160e-02,-1.9941227511e-02,4.0216993541e-02,-1.8211200833e-01,4.9053836614e-02,1.2280278606e-03,-3.1762430072e-01,-2.0533470809e-01,9.8793216050e-02,1.8455231190e-01,3.9274728298e-01,-1.8749214709e-01,4.3049633503e-01,-1.3141311705e-01,5.7169988751e-02,1.6174720367e-03,-2.5573220849e-01,5.7576680183e-01,-1.0086766630e-01,8.9133501053e-02,-2.5023320317e-01,1.8834868073e-01,-2.4874415994e-01,5.6302145123e-02,1.1462966353e-01,-8.4050945938e-02,1.1311514676e-01,-1.9004943967e-01,-3.7509390712e-01,4.7269651294e-01,2.8398448229e-01,-2.2954787314e-01,-4.9568179995e-02,-6.6467359662e-02,-1.2675242126e-01,1.1877544224e-01,2.6392212510e-01,-5.3054798394e-02,-1.7612792552e-01,-9.0480193496e-02,2.2619526088e-01,-3.7259425968e-02,-1.5335261822e-02,1.0941406339e-01,-8.2186728716e-02,5.9314627200e-02,-2.3991630971e-01,6.4796067774e-02,9.1066531837e-02,-1.2582521141e-01,2.3657485843e-01,4.9148671329e-02,-2.6294794679e-01,-8.0222286284e-02,-9.4847097993e-02,-2.8082042933e-01,2.9511836171e-01,-1.5721801668e-02,5.0347335637e-02,-7.2738528252e-02,-8.9801415801e-02,-1.3612896204e-01,-9.2715561390e-02,1.6816254705e-02,-9.1603264213e-02,1.5204619616e-02,5.2155163139e-02,1.1620207876e-01,-2.1877840161e-01,-2.2564418614e-01,3.8318421692e-02,1.7776843905e-01,1.5079385042e-01,-1.8332523108e-01,4.5453593135e-02,-1.5065379441e-01,4.5377418399e-01,-1.3498309255e-01,-2.3859903216e-01,-4.6558253467e-02,3.3737406135e-02,3.9766421914e-01,-1.8043133616e-01,3.4366649389e-01,-5.7210449129e-02,-2.9065254331e-01,4.6552494168e-01,-2.3898938298e-01,1.1259370297e-01,-5.6184329093e-02,1.5791896731e-02,-9.4339266419e-02,-1.9470404834e-02,-4.4899052382e-01,-2.3236526549e-01,-2.3273630068e-02,6.0894411057e-02,-1.9073669612e-01,-4.5053876936e-02,3.5884720087e-01,-2.0411491394e-01,4.1843283176e-01,2.8769740835e-02,2.9659893364e-02,5.2939391136e-01,1.8484325707e-01,-6.8658672273e-02,2.6940114796e-02,-2.6365447789e-02,3.2256186008e-01,2.6857373118e-01,-1.1748818681e-02,-1.0216781497e-01,-4.5553860068e-01,2.8131261468e-01,-1.4066912234e-01,4.3617677689e-01,-4.1144788265e-01
-3.0923256278e-01,1.5308193862e-01,-1.4211383462e-01,-1.6121883690e-01,-3.4291052818e-01,7.2078863159e-03,-9.3185335398e-02,-3.3334609866e-01,-1.7686730623e-01,-2.4125041068e-01,-7.5218550861e-02,-1.1101447046e-01,2.5842943788e-01,-2.4531446397e-02,-4.1751649976e-01,2.9693152755e-02,-3.5277310014e-01,3.8309013844e-01,-2.7372179553e-02,2.3003625870e-01,3.0907523632e-01,-3.0103829503e-01,3.2490152121e-01,-6.5067321062e-02,3.8790825754e-02,-1.1820188165e-01,-3.3644959331e-01,3.0436652899e-01,2.6416957378e-01,2.6796641946e-01,-2.7303126454e-01,-3.6794729531e-02,-1.2929823995e-01,-3.3461105078e-02,-4.7071337700e-02,-9.2041762546e-03,-1.6098521650e-02,-3.9370998740e-02,-3.9885389805e-01,2.0022064447e-01,9.6417181194e-02,-1.3800205290e-01,3.2317757607e-02,2.8383512050e-02,-1.3765728474e-01,7.5037613511e-02,2.0112271607e-01,-6.4868456684e-03,-1.0124637187e-01,9.9193550646e-02,1.5266580880e-01,-4.7224233858e-03,1.4069330692e-01,1.6952410340e-01,-1.4726556838e-01,-8.5011295974e-02,-4.4724471867e-02,1.3231399655e-01,2.6782529429e-02,-6.5953090787e-02,1.6683776677e-01,5.6545096450e-03,-1.3523523510e-01,-1.7670871317e-01,2.0430020988e-02,-1.0353256017e-01,3.8550817966e-01,-5.9400390834e-02,-5.6701870635e-03,2.7899470925e-01,-4.6851199120e-02,-4.9325835705e-01,1.4045040309e-01,5.1202427596e-02,-1.0385945439e-01,1.3510748744e-02,6.2917254865e-02,3.0014738441e-01,-4.8528409004e-01,-2.2994816303e-01,1.9418318570e-01,6.1922669411e-02,3.7826368213e-01,-3.2136148214e-01,9.9751405418e-02,-9.8689936101e-02,7.1664547920e-01,-1.3853420317e-01,-1.8241457641e-01,-2.6166677475e-01,1.3347630203e-01,5.2685409784e-01,-5.0711828470e-01,5.9062260389e-01,8.8608235121e-02,-4.2269495130e-01,4.7215276957e-01,-2.1995903552e-01,1.3001339138e-01,-1.2052490376e-02,-1.3539227843e-01,-1.1908886582e-01,2.7931131423e-02,-2.7092218399e-01,-9.0480707586e-02,-1.5517184138e-01,7.5795371085e-03,-9.8409958184e-02,-9.5339611173e-02,4.7904297709e-01,-1.5440814197e-01,3.0075067282e-01,9.5147170126e-02,4.3151687831e-02,5.2896803617e-01,1.0341303796e-01,-9.0424314141e-02,1.0448554903e-01,3.8152020425e-02,2.5386825204e-01,2.6886430383e-01,1.0658939928e-01,-1.3303465210e-02,-5.1329511404e-01,3.0989757180e-01,-1.6983820498e-01,4.9942842126e-01,-4.0212190151e-01
-1.0822947323e-01,1.9902496040e-01,-1.3285301626e-01,-2.6040220261e-01,-2.8134325147e-01,-4.6311508864e-02,-1.8513549864e-01,-3.0244860053e-01,-2.8078532219e-01,-2.1362131834e-01,-8.5986874998e-02,-1.2204454839e-01,2.3791142739e-03,-3.5159453750e-02,-1.7417420447e-01,1.4521058649e-02,-3.5358193517e-01,-9.7586490214e-02,8.1195726991e-02,2.3039349914e-01,3.8920772076e-01,-2.4186916649e-01,3.4843125939e-01,-4.8384387046e-02,-5.8436311781e-02,7.4644401670e-02,-2.8913122416e-01,4.6637210250e-01,3.8541302085e-02,1.9409325719e-01,-2.8853312135e-01,2.2317092121e-01,-2.6537296176e-01,-2.8600485995e-02,7.1061521769e-02,-7.3379598558e-02,1.0411353409e-01,-2.3600384593e-01,-3.7205138803e-01,5.1055014133e-01,2.6740604639e-01,-2.4918347597e-01,-3.8687672466e-02,-3.7389945239e-02,-1.0346477479e-01,1.4168109000e-01,1.9457122684e-01,-2.1544685587e-02,-1.0617746413e-01,-1.8180157244e-01,1.5255756676e-01,-6.2800988555e-02,-4.2284082621e-02,1.8820751458e-02,3.5529453307e-02,1.0541982204e-01,-2.7391681075e-01,-6.8352341652e-02,1.5330988169e-01,-1.5284973383e-01,2.2274461389e-01,-4.8009671271e-02,-2.2243361175e-01,-1.1807759106e-01,-1.5635249019e-01,9.0819910169e-02,1.0918225348e-01,1.2207966298e-02,1.2345471978e-01,7.4714511633e-02,8.8104885072e-03,-1.5531086922e-01,-6.2561281025e-02,3.2139194012e-01,1.6539306939e-01,2.9147109389e-01,1.0468279570e-01,1.5727759898e-01,-3.7723705173e-01,-9.4394594431e-02,6.1186525971e-02,-8.5131205618e-02,6.7771397531e-02,-8.2357719541e-02,-1.2190520018e-01,-4.6385757625e-02,2.0537129045e-01,8.5890004411e-03,-1.0515401512e-01,5.2164379507e-02,6.1316579580e-02,1.8264545500e-01,-2.4653744698e-01,-2.5441384315e-01,2.4226942658e-01,-1.5739537776e-01,4.0498372912e-01,-2.1160164475e-01,2.1341460943e-01,-6.5522983670e-02,-6.7658081651e-02,-1.4930611849e-01,1.3040859997e-01,-4.8095513135e-02,3.4462105483e-02,4.9636769108e-03,5.9646595037e-04,-1.0776083171e-01,-8.5548320785e-03,3.2845729589e-01,-1.9354724884e-01,5.9465996921e-02,-7.0053897798e-02,9.1177500784e-02,3.0345731974e-01,3.0447805300e-02,-2.6058768854e-02,6.7516624928e-02,-4.9299292266e-02,8.2390032709e-02,3.7750077248e-01,6.9834314287e-02,-5.5754505098e-02,-2.7567645907e-01,1.3311755657e-01,1.6295209527e-02,3.4196972847e-01,-4.1568946838e-01
-1.1249033734e-02,2.9193463922e-01,-1.8182083964e-01,2.2348554339e-03,-1.2830869853e-01,3.2489445806e-01,-1.1507374048e-01,-3.2731050253e-01,-1.1524153501e-01,-1.9174544513e-01,5.0228040665e-02,1.5090899169e-01,-5.6589651853e-02,-2.8768053278e-02,7.6771311462e-02,8.8107794523e-02,-2.3442193866e-01,1.3076362014e-01,-3.2235890627e-02,1.2230066210e-01,2.0746532083e-01,-1.7708636820e-01,2.7057990432e-01,-1.7658370733e-01,1.4046828449e-01,-3.5084899515e-02,-1.2053071707e-01,1.7948529124e-01,7.2110548615e-02,-4.3725170195e-02,-1.8970210850e-01,1.3331633806e-01,-1.3034135103e-01,-3.8812145591e-02,-2.1125037223e-02,1.5895934775e-02,4.0322732180e-02,-1.6496381164e-01,-3.6193358898e-01,3.7826645374e-01,1.4891071618e-01,-1.6340371966e-01,-3.5754848272e-02,-2.5314413011e-02,-1.7273874581e-01,8.5957601666e-02,2.2808635235e-01,-7.0986755192e-02,-1.9726972282e-01,1.9693681970e-02,2.4404862523e-01,-1.8200215697e-01,1.2770944834e-01,1.6134485602e-01,-1.4403083920e-01,8.6484089494e-02,-1.4614705741e-01,1.0482680053e-01,5.3514327854e-02,-5.6470371783e-02,2.1538518369e-01,3.6127910018e-02,-2.1697619557e-01,-1.2368464470e-01,-1.1854887009e-01,-1.0703246295e-01,1.6060835123e-01,2.9733236879e-02,3.9669431746e-02,6.6606856883e-02,-6.6356442869e-02,1.0283082724e-02,-1.2512366474e-01,2.7462542057e-01,2.0700809360e-01,1.1883180588e-01,1.0844571888e-01,1.9530285895e-01,-3.2903462648e-01,-1.2718632817e-01,-3.2080991659e-03,-1.1250390857e-01,6.8107813597e-02,-1.1545796692e-01,-1.2292525731e-02,-9.9095076323e-02,2.3796027899e-01,8.0206051469e-02,-8.3251856267e-02,2.9949733987e-02,7.0830054581e-02,1.8941858411e-01,-1.3933841884e-01,-7.2029687464e-02,2.6534318924e-01,-1.7972145975e-01,4.0466833115e-01,-1.8416205049e-01,2.1084000170e-01,-3.9256758988e-02,6.0093577951e-02,-7.9154439270e-02,1.5121288598e-01,-8.8244080544e-02,-2.0776705816e-02,7.1584694088e-02,1.3541255146e-02,-2.0378352702e-01,4.5567896217e-02,2.6584649086e-01,-1.9141939282e-01,1.1465781927e-01,-2.9421258718e-02,9.0308412910e-02,2.8642198443e-01,8.0020904541e-02,-4.6765156090e-02,8.3292186260e-02,-2.6384480298e-02,1.3262011111e-01,3.8191607594e-01,8.4609296173e-03,1.0506965220e-02,-2.3353181779e-01,1.0326735675e-01,5.4182779044e-02,3.0415940285e-01,-4.6623936296e-01
1.3047447801e-01,6.7896729708e-01,-2.8131935000e-01,1.9510023296e-01,-6.9769392721e-03,5.4506325722e-01,-5.0581049919e-01,-1.1146175116e-01,-8.8628478348e-02,-1.7971657217e-01,-2.2047735751e-01,1.1903474480e-01,1.3909296691e-01,-1.2648407137e-03,7.6400935650e-02,-8.3121536300e-03,-2.1969388425e-01,3.0287304521e-01,4.2571917176e-02,5.2158113569e-02,8.1229396164e-02,-4.1473358870e-01,1.1910966039e-01,-3.8128280640e-01,1.3721658289e-01,-1.5597167425e-02,7.5479604304e-02,-1.6123238206e-01,5.1047211885e-01,-4.7539435327e-02,-3.5296294093e-01,-7.0500248112e-03,-2.1644060314e-01,4.1419524699e-02,4.9840655178e-02,-8.3569161594e-02,1.2561232783e-02,-1.7859558761e-01,-3.2360255718e-01,3.8826301694e-01,1.3847693801e-01,-1.2814822793e-01,2.5513762608e-02,-5.0367843360e-02,-2.1778576076e-01,1.2934698164e-01,2.1143475175e-01,-7.2465799749e-02,-1.9896897674e-01,-1.3586391695e-02,2.2003085911e-01,-1.8435055017e-01,6.0884594917e-02,2.0898383856e-01,-1.1401966959e-01,7.5517013669e-02,-1.6376878321e-01,8.2569524646e-02,3.2913468778e-02,-1.5654295683e-02,1.5405274928e-01,2.3674635217e-02,-2.2938281298e-01,-2.8770754114e-02,-1.9608965144e-02,-4.3954449892e-01,2.0268419385e-01,2.0325032528e-03,-2.6153105497e-01,1.0062429355e-03,-2.6515766978e-01,-4.9200829118e-02,-2.3747861385e-01,-3.6448072642e-02,-4.4195488095e-02,-1.2829543650e-01,8.2228779793e-02,4.5183873177e-01,-4.6669661999e-01,-2.0154349506e-01,1.1525176466e-01,-2.5840681791e-01,1.1189360172e-01,-1.0806884617e-01,3.6699751019e-01,-2.3464499414e-01,5.2995872498e-01,-3.2914116979e-02,-4.5196875930e-01,-2.8913918138e-01,-1.9012393430e-02,3.0933031440e-01,-8.8251372799e-03,2.6439839602e-01,1.6307543218e-01,-3.3336421847e-01,2.6284718513e-01,-3.8571119308e-02,2.0821360871e-02,-2.6683238149e-01,2.9196566343e-01,3.4341824055e-01,4.8857618123e-02,-3.7377774715e-01,-5.9819959104e-02,4.3778699636e-01,2.7083843946e-01,-4.3227735907e-02,4.3571802974e-01,-2.5478979945e-01,1.2146687508e-01,-2.4215924740e-01,-4.1546428204e-01,2.6628610492e-01,-2.9963690042e-01,-7.6558780670e-01,3.8950502872e-01,-2.9320368171e-01,-5.9761178493e-01,-2.2934363782e-01,3.5659775138e-01,-2.2371698916e-01,-2.8549060225e-01,1.8998911977e-01,-1.3820248842e-01,5.8704012632e-01,-2.3186868429e-01,-2.2459948063e-01
-1.9408484921e-02,1.7936907709e-01,-2.7581445873e-02,-1.6505630314e-01,-9.6342310309e-02,9.7495056689e-02,-1.5727390349e-01,-1.1334549636e-01,-1.7655678093e-01,-2.2897018492e-01,-2.0382839441e-01,2.3571070284e-02,-1.2370483577e-01,5.7739511132e-02,-1.7008382082e-01,-5.6555699557e-02,-2.3094898462e-01,-1.0803666711e-01,-4.8195909709e-02,9.2927739024e-02,3.1732812524e-01,-1.2021141499e-01,2.2850978374e-01,-8.7410926819e-02,-1.6266578436e-01,-3.2656520605e-02,-1.9890065491e-01,2.0404276252e-01,1.4801742136e-01,-1.3255586382e-03,-4.7491073608e-02,2.2346571088e-01,-2.8681939840e-01,1.2086999416e-01,8.0444201827e-02,-8.1726968288e-02,4.9525968730e-02,-2.1399129927e-01,-3.3655175567e-01,5.0228822231e-01,1.6797973216e-01,-1.3471402228e-01,6.6310599446e-02,-3.6187279969e-02,-2.2829930484e-01,1.5606737137e-01,2.1756945550e-01,-1.1607635766e-01,-2.5968977809e-01,-4.3266933411e-02,2.3450639844e-01,-2.0851805806e-01,2.3809503764e-02,2.4739329517e-01,-1.2284827977e-01,1.5057608485e-01,-2.0461651683e-01,9.1546751559e-02,5.8227244765e-02,-3.8033217192e-02,2.0749065280e-01,8.3685507998e-03,-3.4727063775e-01,6.2287963927e-02,-1.3286238909e-01,-2.1948119625e-02,1.4061443508e-01,-5.6554738432e-02,1.0442741215e-01,4.5253764838e-02,-4.7675691545e-02,-1.0960756987e-01,-6.9507651031e-02,2.4528408051e-01,5.7215906680e-02,3.0923342705e-01,5.6234795600e-02,7.8067608178e-02,-3.2296985388e-01,-6.9547452033e-02,-5.0947155803e-02,4.5392334461e-02,2.9096359387e-02,-1.0796365887e-01,-1.9729474187e-01,-1.9529329613e-02,1.9737267494e-01,-6.1063542962e-02,-1.5705631673e-01,1.2353763729e-01,4.9860019237e-02,3.0567374825e-01,-1.0028215498e-01,-2.8407076001e-01,9.2147164047e-02,-1.8849560618e-01,2.6950883865e-01,-8.8501431048e-02,1.5403297544e-01,-2.4160341918e-01,2.0401765406e-01,1.4782232046e-01,1.0759041458e-01,-2.3652870953e-01,-5.3915575147e-02,3.6828991771e-01,1.9387416542e-01,-9.2858202755e-02,3.1106176972e-01,-1.0027539730e-01,-6.4047579654e-03,-1.3798739016e-01,-3.5656356812e-01,2.1002528071e-01,-8.6010366678e-02,-4.4014680386e-01,2.4983681738e-01,-1.8417894840e-01,-4.0337601304e-01,-1.3617464900e-01,4.0591052175e-01,-1.4312149584e-01,-2.1935823560e-01,9.2842780054e-02,-8.2464635372e-02,4.2310565710e-01,-4.3314833194e-02,-3.2553735375e-01
6.7913480103e-02,7.5905472040e-02,6.2419045717e-02,-1.6240602732e-01,1.1252196878e-01,1.3017396629e-01,2.8655923903e-02,-2.3774850368e-01,-2.0784328878e-01,-3.8920894265e-01,-1.7078827322e-01,6.0255866498e-02,-2.7890521288e-01,2.4462361634e-01,-2.5695157051e-01,-4.1481684893e-02,-2.7420252562e-01,-2.5936346501e-03,-2.3992960155e-01,5.2893225104e-02,2.0396310091e-01,-8.7686292827e-02,6.9061063230e-02,7.4322596192e-03,-3.0372053385e-01,3.7003997713e-02,-1.5733385086e-01,-5.4239209741e-02,2.4449896812e-01,1.2184171006e-02,4.1932962835e-02,3.4471434355e-01,-2.9544106126e-01,1.6789141297e-01,5.6860715151e-02,-8.2806929946e-02,-4.9090493470e-02,-2.6438885927e-01,-3.1188300252e-01,4.2960432172e-01,1.0497107357e-01,-7.4374489486e-02,5.9853665531e-02,-9.6243172884e-02,-2.2645989060e-01,1.3476659358e-01,2.1723009646e-01,-1.2518052757e-01,-2.5452539325e-01,-1.6120983288e-02,2.2806292772e-01,-2.9458701611e-01,3.8141246885e-02,2.4374851584e-01,-1.1365936697e-01,1.4149947464e-01,-2.0118506253e-01,6.3836120069e-02,-2.4199020118e-02,4.4208969921e-02,1.8851965666e-01,8.7241165340e-02,-3.4456652403e-01,7.8943334520e-02,-9.2725723982e-02,-1.5763565898e-01,1.5427681804e-01,-1.0975325108e-01,6.8628199399e-02,1.4849160798e-02,-1.2820525467e-01,-1.0991748422e-01,-1.1060774326e-01,1.6237366199e-01,8.2831149921e-03,2.0240619779e-01,5.6068819016e-02,6.5257564187e-02,-3.0876702070e-01,-1.1472288519e-01,-5.1875371486e-02,-1.1643649777e-03,5.5492758751e-02,-1.3406935334e-01,-9.0894870460e-02,-3.5471584648e-02,2.1889302135e-01,-1.0187111795e-01,-2.4930879474e-01,9.4354934990e-02,1.0221263766e-01,3.2122606039e-01,-6.0804493725e-02,-1.2107403576e-01,3.7920530885e-02,-2.5458672643e-01,2.7139350772e-01,-1.0207935236e-02,1.5446271002e-01,-2.3159560561e-01,2.2337469459e-01,1.2972790003e-01,6.1688188463e-02,-3.4667560458e-01,-1.1240419745e-01,2.8268650174e-01,1.4899277687e-01,1.2060480565e-01,3.2815659046e-01,-1.6990257800e-01,7.1561045945e-02,-1.9603298604e-01,-3.7044513226e-01,2.6392430067e-01,-3.0184268951e-01,-5.0798708200e-01,2.6033219695e-01,-1.4597144723e-01,-4.3117403984e-01,-2.1314388514e-01,4.1771548986e-01,-1.5873071551e-01,-2.8236436844e-01,3.0817970634e-01,-7.0843227208e-02,4.1877117753e-01,-5.3073357791e-02,-1.8332694471e-01
7.1480371989e-03,8.8588349521e-02,-2.8690785170e-02,-3.5599422455e-01,-2.3012290895e-01,1.2201961130e-01,-1.9722905010e-02,-4.2761631310e-02,-1.7493674159e-01,-1.5163062513e-01,-1.1466048658e-01,4.2537707835e-02,4.3454181403e-02,-2.1217653528e-02,-9.9478065968e-03,-1.8115903437e-01,-7.8881829977e-02,-9.0388886631e-02,2.9875449836e-03,3.4924906492e-01,2.7065622807e-01,-1.6911640763e-01,2.8188711405e-01,-7.6022341847e-02,-1.5899285674e-01,5.5643942207e-02,-4.0621578693e-01,2.0247149467e-01,2.6028746367e-01,1.6371954978e-01,3.4985467792e-03,9.7447678447e-02,-3.1738452613e-02,5.6918993592e-02,4.5917648822e-02,6.3806921244e-03,-7.1271888912e-02,-1.9236961007e-01,-3.1341192126e-01,2.7723383904e-01,2.1884971857e-01,-3.7517316639e-02,-3.9960436523e-02,-8.5754804313e-02,-2.2990255058e-01,9.1797426343e-02,2.3191082478e-01,-6.2397986650e-02,-2.1579290926e-01,1.3838976622e-01,1.7517027259e-01,-1.8328094482e-01,1.8190717697e-01,2.4936576188e-01,-2.0452868938e-01,1.3058595359e-03,-1.3211026788e-01,7.6629504561e-02,-5.6642603129e-02,8.9089423418e-03,1.8942822516e-01,1.4131392539e-01,-2.2212019563e-01,-4.9039889127e-02,-5.1351147890e-01,-3.9386999607e-01,2.3207050562e-01,-6.7060387135e-01,4.4647458196e-01,-1.1279989779e-01,-5.9251213074e-01,-2.7911916375e-01,-1.5645846725e-01,3.2465648651e-01,-8.2664661109e-02,1.6308288276e-01,-9.5674507320e-03,-2.4540925026e-01,3.8417279720e-01,-5.6418997049e-01,1.7150868475e-01,-2.4944777787e-01,4.5583197474e-01,-1.1417604983e-01,1.0856243223e-01,2.3306076229e-01,-1.6762261093e-01,-7.7356383204e-02,-1.4580543339e-01,7.7000963688e-01,2.1289679408e-01,4.1895106435e-01,-4.0728628635e-01,-1.9504648447e-01,-5.2439486608e-03,-8.1684261560e-01,3.0268713832e-01,6.3504166901e-02,3.0236747861e-01,-1.7740026116e-01,1.1654715240e-01,-1.1090672761e-01,6.3564352691e-02,-3.0078434944e-01,-1.8764558434e-01,3.9829201996e-02,-5.5570479482e-02,3.4109783173e-01,1.6802725196e-01,-7.1449808776e-02,4.5000940561e-02,-1.4636366069e-01,-2.4687424302e-01,2.4659730494e-01,-3.6269217730e-01,-2.1901616454e-01,8.9604705572e-02,2.9958287254e-02,-1.9801023602e-01,-1.5279117227e-01,3.9850422740e-01,-2.1722540259e-02,-1.9314770401e-01,5.0631201267e-01,2.2055614740e-02,1.5353448689e-01,1.4170819521e-01,-6.3270226121e-02
