5.0164586306e-01,-4.4182309508e-01,4.1645850986e-02,1.6337087750e-01,5.6335031986e-02,3.1562456489e-01,-1.2621793896e-02,3.3707731962e-01,-1.6299040616e-01,-1.0700766928e-02,-1.9131667912e-02,-1.6732138395e-01,3.1819811463e-01,1.6399008036e-01,-2.9961325228e-02,1.9855619967e-01,2.4654024839e-01,6.0195527971e-02,-1.6266302764e-01,-2.9103493690e-01,2.6763430238e-01,2.8104877472e-01,-2.7611926198e-01,-2.9476834461e-02,3.3314737678e-01,-1.5753760934e-01,1.9036415219e-01,-9.0701594949e-02,1.8577065319e-02,-2.2428412735e-01,-4.4755049050e-02,-6.2829893827e-01
5.8853328228e-01,-2.7738821507e-01,-1.6450454295e-01,-1.4596956968e-01,1.5485997498e-01,3.4776699543e-01,2.9887083918e-02,-5.5902224034e-02,3.2062506676e-01,4.0338814259e-01,5.0449181348e-02,-7.7512875199e-02,3.8764083385e-01,2.2492096759e-03,3.7370339036e-02,-3.7116608024e-01,-2.6888251305e-01,3.9740316570e-02,-3.8900217414e-01,-9.0747529268e-01,5.0166833401e-01,-1.4531493187e-01,-8.3760094643e-01,-3.9786246419e-01,3.1933680177e-01,-3.3912464976e-01,-3.8823321462e-01,2.7821738273e-02,-2.7632662654e-01,6.1075550318e-01,-2.9825744033e-01,-4.9125272036e-01
-3.1045995653e-02,-1.9937935472e-01,5.2485942841e-01,4.4506352395e-02,-5.3410708904e-01,-9.0475805104e-02,4.5112273097e-01,3.8920116425e-01,-4.8486927152e-01,4.2211934924e-01,2.0043709874e-01,-4.3397876620e-01,3.2864022255e-01,4.1107219458e-01,-4.2354601622e-01,6.5178638697e-01,-1.1469351128e-02,-2.4060828984e-01,5.2956169844e-01,5.5627232790e-01,2.1844246984e-01,2.1954213083e-01,-1.2213510461e-02,1.7300093174e-01,2.5269004703e-01,2.1356491745e-01,5.2874535322e-01,3.5006695986e-01,4.4208034873e-02,-2.1275189519e-01,-7.6716065407e-02,-8.8470989466e-01
3.5958355665e-01,-7.4073083699e-02,5.2878659964e-01,-4.9306484871e-03,-4.4640272856e-02,-4.7755455971e-01,1.7616868019e-01,-6.1621282250e-02,-2.0847922564e-01,-2.7315717936e-01,-3.2540717721e-01,7.5953632593e-01,4.5210281387e-03,1.2765483558e-01,-1.7965626717e-01,-1.7728498578e-01,-1.4234656096e-01,3.3510583639e-01,-5.7499182224e-01,1.5840709209e-01,-1.3790550828e-01,3.5236626863e-01,-8.5877396166e-02,-2.0752590895e-01,3.3892515302e-01,6.4964488149e-02,-1.8528899550e-01,8.1715488434e-01,2.2741460800e-01,-9.4977833331e-02,1.8207111955e-01,1.4987638593e-01
4.9815022945e-01,-8.8137485087e-02,6.0989594460e-01,-4.3639236689e-01,3.3904308081e-01,5.1644176245e-02,2.4546529353e-01,4.5639318228e-01,-1.3877961785e-02,3.8522365689e-01,-5.6914192438e-01,-6.7289888859e-01,-2.8543671966e-01,-1.8752737343e-01,-3.9899969101e-01,-3.8862038404e-02,2.1186894178e-01,-2.2975680232e-01,-3.5800855607e-02,4.5963758230e-01,-1.8952198327e-01,-4.4680050015e-01,3.7581545115e-01,7.0939534903e-01,-7.5231879950e-01,3.3090010285e-01,8.6965316534e-01,4.3806141615e-01,-1.0759319365e-01,-4.6139839292e-01,-2.1232122183e-01,-3.9117649198e-02
4.0563758463e-02,-2.3236320913e-01,-4.7814819962e-02,-1.1318814009e-01,9.6162445843e-02,3.2582944632e-01,3.1627106667e-01,1.6491769254e-01,6.1049097776e-01,-2.0795969665e-01,-1.8998162448e-01,-5.5188602209e-01,-1.9893407822e-01,-3.4608915448e-01,-5.0712978840e-01,-7.8870868683e-01,2.4394038320e-01,2.7140641212e-01,2.8904476762e-01,-5.3637105227e-01,-1.5099169314e-01,-1.6703186929e-01,-1.4213772118e-01,-2.6540479064e-01,-1.0556051135e-01,-3.2641503960e-02,-9.4235025346e-02,-5.2620418370e-02,-5.9492051601e-01,-3.2754683495e-01,-3.1819693744e-02,4.5658263564e-01
3.7909522653e-01,-2.8290587664e-01,1.0548596382e+00,-1.9258105755e-01,1.9014374912e-01,-4.6382448077e-01,3.4410178661e-01,5.9260815382e-01,-6.6130399704e-01,3.1607365608e-01,7.2032935917e-02,-1.1506421566e+00,2.9339376092e-01,-5.0306743383e-01,-4.8575741053e-01,9.7489215434e-02,-2.2064055502e-01,-1.9249619544e-01,2.6356360316e-01,7.3480063677e-01,1.5752559900e-01,-3.8453963399e-01,-1.5963430703e-01,1.9491346180e-01,4.6890884638e-02,1.6117267311e-01,3.1889006495e-01,5.2607215941e-02,-6.6568207741e-01,-1.2072113343e-02,-1.9196256995e-01,-3.8113105297e-01
6.6537469625e-02,-2.9331299663e-01,7.7649194002e-01,-5.4016923904e-01,5.3066843748e-01,-4.8025491834e-01,4.5183649659e-01,4.1353571415e-01,1.1487416923e-01,8.9772844315e-01,1.0693194717e-01,-6.0612052679e-01,1.6015088558e-01,-3.1532803178e-01,-6.5457445383e-01,-2.7973702550e-01,-8.0895143747e-01,1.4173838496e-01,1.4823487401e-01,5.5349218845e-01,-2.2385608405e-02,-2.8293895721e-01,-9.5875106752e-02,-1.4803348109e-02,8.0861485004e-01,-2.1162958443e-01,-3.1777217984e-01,2.0589037240e-01,-3.4457165003e-01,4.3602913618e-01,1.4711709321e-01,-6.3082963228e-01
4.4395843148e-01,-1.8577836454e-01,2.1767248213e-01,8.5816450417e-02,-5.2355915308e-01,-2.6848977804e-01,2.3237016797e-01,3.6364918947e-01,4.1041341424e-01,-3.1749731302e-01,-6.1369262636e-02,1.4324647188e-01,-1.4966025949e-01,6.5579009056e-01,-7.4631042778e-02,-2.4044564366e-01,7.1636885405e-03,1.3361524045e-01,3.9755916595e-01,-1.8542255461e-01,-5.3738281131e-02,2.1855236590e-01,8.5005573928e-02,-8.9475765824e-02,4.7597908974e-01,3.1114101410e-01,1.1000556499e-01,-5.3201550245e-01,1.8880632520e-01,-3.5398364067e-02,5.3627783060e-01,-4.5965647697e-01
5.9465989470e-02,-6.2953308225e-02,8.0077582598e-01,-4.0457403660e-01,-2.8119269013e-01,-3.9225357771e-01,2.3620794713e-01,3.4772652388e-01,-1.0857238770e+00,1.1963243037e-01,4.6554577351e-01,-4.1592907906e-01,3.8507169485e-01,2.3711338639e-01,-4.1329279542e-01,1.0933953524e+00,-1.4580923319e-01,-1.3014146686e-01,6.0352653265e-01,6.1389631033e-01,1.7156277597e-01,-5.6438583136e-01,4.1498802602e-03,6.3826274872e-01,-1.3290426135e-01,6.8716263771e-01,5.0653302670e-01,1.3521918654e-01,2.3784440756e-01,-3.7670424581e-01,-1.9631978869e-01,-3.3026582003e-01
3.4038698673e-01,2.0249514282e-01,-5.1928824186e-01,9.2983758450e-01,-3.7958940864e-01,-1.0170679539e-01,3.8362404704e-01,-1.2905964255e-01,4.6414339542e-01,-2.3705327511e-01,8.1209622324e-02,-4.6980631351e-01,-2.6682001352e-01,2.9406982660e-01,-2.6833596826e-01,-4.5361906290e-01,9.0257767588e-03,6.8783807755e-01,-1.8312443793e-01,1.5419853851e-02,-2.6554548740e-01,3.9907747507e-01,7.3222732544e-01,3.2991862297e-01,6.9613081217e-01,5.9626042843e-01,8.6048328876e-01,4.6996140480e-01,-2.2877182066e-01,6.1082524061e-01,-4.4243374467e-01,-3.6155653000e-01
5.2215099335e-01,-2.8183713555e-01,3.6988358945e-02,-7.2839513421e-02,9.2970050871e-02,-4.5247901231e-02,-1.8846097589e-01,-8.7014502287e-01,-5.2757495642e-01,-9.9136888981e-02,1.1573848128e-01,-1.9043335319e-01,-5.8188654482e-02,4.3185794353e-01,-1.8528272212e-01,8.1027501822e-01,1.4965841174e-01,-4.1373685002e-02,7.6624262333e-01,3.1672391295e-01,-1.0851184279e-01,3.1749200076e-02,-5.0373241305e-02,5.0646030903e-01,1.7710973322e-01,-1.0809492320e-01,-2.2959151864e-01,-6.7901414633e-01,4.8369979858e-01,-3.2572010159e-01,6.0960835218e-01,-3.9441731572e-01
3.1318169832e-01,4.9055971205e-02,-3.8361641765e-01,3.3423614502e-01,4.1233133525e-02,7.1339607239e-01,1.1977709085e-01,-3.6950868368e-01,7.4898697436e-02,-8.6063504219e-01,-2.5271630287e-01,-2.9227930307e-01,7.4635259807e-02,9.3871247768e-01,1.9251187146e-01,4.1719070077e-01,1.3039716482e+00,3.0182883143e-01,-6.9588728249e-02,-4.1336187720e-01,-2.8828465939e-01,1.1367349625e+00,4.1652214527e-01,1.1344046146e-01,-1.1162716150e-01,9.2997229099e-01,5.8645743132e-01,-1.7706535757e-01,7.0071029663e-01,8.9052580297e-02,2.7842101455e-01,-9.1681368649e-02
1.0822158307e-01,-2.3742506281e-02,5.5202430487e-01,-1.0132406652e-01,9.9497355521e-02,2.9967701063e-02,7.1004495025e-02,1.9404730201e-01,-1.1137007475e+00,3.0808115005e-01,1.3715629280e-01,-4.2724344134e-01,6.3969928026e-01,7.2915791534e-03,-4.1094742715e-02,8.7642282248e-01,-1.4850836247e-02,-2.8881755471e-01,2.3617511988e-01,4.1766723990e-01,1.3501176238e-01,-2.3859956861e-01,-2.7690821886e-01,1.9884606823e-02,2.2952789068e-01,2.1803392470e-01,1.6760206223e-01,2.3460805416e-01,-1.2952274084e-01,-1.9831138849e-01,-5.4398898035e-02,-4.9274858832e-01
4.5788794756e-01,1.5181984007e-01,1.8290735781e-01,4.4496434927e-01,5.5392724276e-01,3.6485129595e-01,5.0684559345e-01,2.0963996649e-01,7.9867333174e-02,2.0011027157e-01,-8.1033632159e-02,-4.2125603557e-01,3.8646358252e-01,-2.7902966365e-02,1.7880627885e-02,-1.3010942936e-01,3.3731037378e-01,2.5877213478e-01,-2.9159024358e-01,9.2969648540e-04,-1.7757490277e-01,4.5075774193e-01,2.0405538380e-01,1.0644096136e-01,5.0228184462e-01,-2.1893765032e-01,7.7998703718e-01,3.6416566372e-01,-2.3334373534e-01,4.4957694411e-01,-9.5408722758e-02,-7.2544211149e-01
2.2151829302e-01,-8.8024633005e-03,-1.7787598073e-02,-3.3641800284e-01,3.3361729980e-01,4.1693961620e-01,1.3106255792e-02,-4.8356950283e-01,-7.4882924557e-02,5.1003926992e-01,3.4924465418e-01,1.8386129290e-02,5.0645905733e-01,-3.5966479778e-01,1.9328916073e-01,-3.1187883019e-01,-5.2602303028e-01,3.1889873743e-01,-3.8836556673e-01,-9.5089638233e-01,4.8049938679e-01,-3.8614302874e-01,-7.2083640099e-01,-3.0174195766e-01,3.7029629946e-01,-2.8069794178e-01,-3.9002379775e-01,2.3914296925e-01,-1.5932783484e-01,6.9829839468e-01,-3.0449202657e-01,-1.6052386165e-01
6.1348341405e-02,1.0795312934e-02,8.9146453142e-01,-3.4327146411e-01,-2.1554617584e-01,-2.4998530746e-01,3.7198632956e-01,2.5626277924e-01,-5.8696305752e-01,5.2979594469e-01,2.6033446193e-03,-3.1185722351e-01,3.0531051755e-01,3.0824193358e-01,-1.1048226804e-01,6.0248678923e-01,-1.7241939902e-01,-1.3274084032e-01,6.5497231483e-01,5.8338361979e-01,5.3004018962e-02,1.8471564353e-01,1.8706487119e-01,-8.6679309607e-03,4.4338750839e-01,2.0511658490e-01,2.6300686598e-01,4.6844881773e-01,-1.6887961328e-01,-2.1467449144e-02,2.3464511335e-01,-9.8467296362e-01
3.3447560668e-01,1.8270210922e-01,5.4684704542e-01,-3.9876420051e-02,-6.8989530206e-02,-5.8014798164e-01,3.5313051194e-02,-3.4756880999e-01,-3.3425426483e-01,-4.2252001166e-01,-3.2770931721e-01,9.4081056118e-01,-2.8795566410e-02,8.8571049273e-02,3.0605345964e-02,-1.1591111124e-01,-1.7028659582e-01,3.0406522751e-01,-5.6550997496e-01,2.1359506249e-01,-1.5107189119e-01,4.0104171634e-01,9.8862290382e-02,-2.5026756525e-01,5.8795499802e-01,9.7693540156e-02,-2.8341710567e-01,9.1412848234e-01,1.7839184403e-01,-1.8864838779e-01,5.1613509655e-01,1.4234818518e-01
4.0283900499e-01,8.7343282998e-02,5.5235064030e-01,-5.0817584991e-01,2.5631853938e-01,-7.6926283538e-02,2.4372960627e-01,4.1818940639e-01,-1.1234024167e-01,2.9612082243e-01,-5.9304976463e-01,-7.2844165564e-01,-3.0274206400e-01,-1.2289223820e-01,-2.6114147902e-01,8.4488868713e-02,3.4889072180e-01,-2.3186890781e-01,2.3158997297e-02,4.1481444240e-01,-2.7374115586e-01,-2.8634771705e-01,4.0371608734e-01,8.5350018740e-01,-6.2341344357e-01,5.2638554573e-01,9.0766686201e-01,3.6479449272e-01,-1.2033328414e-02,-5.2152293921e-01,7.6374188066e-02,-1.2313980609e-02
