7.3296144605e-02,-1.0000000150e+30,-1.0000000150e+30,-1.0000000150e+30,-1.0000000150e+30,-1.0000000150e+30,-1.0000000150e+30,-1.0000000150e+30,-1.0000000150e+30,-1.0000000150e+30,-1.0000000150e+30,-1.0000000150e+30,-1.0000000150e+30,-1.0000000150e+30,-1.0000000150e+30,-1.0000000150e+30,-1.0000000150e+30,-1.0000000150e+30,-1.0000000150e+30
-1.5065952539e+00,-1.9668376446e+00,-1.0000000150e+30,-1.0000000150e+30,-1.0000000150e+30,-1.0000000150e+30,-1.0000000150e+30,-1.0000000150e+30,-1.0000000150e+30,-1.0000000150e+30,-1.0000000150e+30,-1.0000000150e+30,-1.0000000150e+30,-1.0000000150e+30,-1.0000000150e+30,-1.0000000150e+30,-1.0000000150e+30,-1.0000000150e+30,-1.0000000150e+30
-4.0535125732e+00,-3.6452929974e+00,-4.3925280571e+00,-1.0000000150e+30,-1.0000000150e+30,-1.0000000150e+30,-1.0000000150e+30,-1.0000000150e+30,-1.0000000150e+30,-1.0000000150e+30,-1.0000000150e+30,-1.0000000150e+30,-1.0000000150e+30,-1.0000000150e+30,-1.0000000150e+30,-1.0000000150e+30,-1.0000000150e+30,-1.0000000150e+30,-1.0000000150e+30
-1.0461442471e+00,-9.9578922987e-01,-1.6639678478e+00,-2.1995887756e+00,-1.0000000150e+30,-1.0000000150e+30,-1.0000000150e+30,-1.0000000150e+30,-1.0000000150e+30,-1.0000000150e+30,-1.0000000150e+30,-1.0000000150e+30,-1.0000000150e+30,-1.0000000150e+30,-1.0000000150e+30,-1.0000000150e+30,-1.0000000150e+30,-1.0000000150e+30,-1.0000000150e+30
-4.5130610466e+00,-3.3365902901e+00,-4.1794219017e+00,-3.2486722469e+00,-1.8074162006e+00,-1.0000000150e+30,-1.0000000150e+30,-1.0000000150e+30,-1.0000000150e+30,-1.0000000150e+30,-1.0000000150e+30,-1.0000000150e+30,-1.0000000150e+30,-1.0000000150e+30,-1.0000000150e+30,-1.0000000150e+30,-1.0000000150e+30,-1.0000000150e+30,-1.0000000150e+30
1.9397987425e-01,-1.3744451106e-01,-6.6407136619e-02,-2.3838616908e-01,-1.0386776924e-01,9.4826400280e-02,-1.0000000150e+30,-1.0000000150e+30,-1.0000000150e+30,-1.0000000150e+30,-1.0000000150e+30,-1.0000000150e+30,-1.0000000150e+30,-1.0000000150e+30,-1.0000000150e+30,-1.0000000150e+30,-1.0000000150e+30,-1.0000000150e+30,-1.0000000150e+30
-2.3161039352e+00,-1.9038921595e+00,-2.8320186138e+00,-2.7123532295e+00,-1.9822837114e+00,-3.2128725052e+00,-2.2672758102e+00,-1.0000000150e+30,-1.0000000150e+30,-1.0000000150e+30,-1.0000000150e+30,-1.0000000150e+30,-1.0000000150e+30,-1.0000000150e+30,-1.0000000150e+30,-1.0000000150e+30,-1.0000000150e+30,-1.0000000150e+30,-1.0000000150e+30
-4.6546149254e+00,-4.1319727898e+00,-4.5286102295e+00,-4.9979052544e+00,-3.4501407146e+00,-6.2886652946e+00,-3.8020999432e+00,-3.3548233509e+00,-1.0000000150e+30,-1.0000000150e+30,-1.0000000150e+30,-1.0000000150e+30,-1.0000000150e+30,-1.0000000150e+30,-1.0000000150e+30,-1.0000000150e+30,-1.0000000150e+30,-1.0000000150e+30,-1.0000000150e+30
-3.2300522327e+00,-2.5741820335e+00,-3.5014481544e+00,-3.6812713146e+00,-2.4166970253e+00,-4.0429902077e+00,-2.9784893990e+00,-2.6138491631e+00,5.3075945377e-01,-1.0000000150e+30,-1.0000000150e+30,-1.0000000150e+30,-1.0000000150e+30,-1.0000000150e+30,-1.0000000150e+30,-1.0000000150e+30,-1.0000000150e+30,-1.0000000150e+30,-1.0000000150e+30
-5.6336898804e+00,-4.9745936394e+00,-5.0751519203e+00,-5.5155563354e+00,-3.8409619331e+00,-6.6974287033e+00,-5.3911266327e+00,-4.0899062157e+00,-1.3862205744e+00,-3.4399671555e+00,-1.0000000150e+30,-1.0000000150e+30,-1.0000000150e+30,-1.0000000150e+30,-1.0000000150e+30,-1.0000000150e+30,-1.0000000150e+30,-1.0000000150e+30,-1.0000000150e+30
-1.6458258629e+00,-1.8796122074e+00,-1.2762730122e+00,-2.7850079536e+00,-1.3990458250e+00,-2.2166826725e+00,-7.9551440477e-01,-2.1587562561e+00,-5.8261448145e-01,-8.7663269043e-01,-2.2190263271e+00,-1.0000000150e+30,-1.0000000150e+30,-1.0000000150e+30,-1.0000000150e+30,-1.0000000150e+30,-1.0000000150e+30,-1.0000000150e+30,-1.0000000150e+30
-4.3332190514e+00,-3.5825979710e+00,-2.8930850029e+00,-4.3775963783e+00,-1.5811620951e+00,-4.6302552223e+00,-2.6533033848e+00,-3.2556862831e+00,-1.3074759245e+00,-1.0908980370e+00,-3.2707500458e+00,-2.0855584145e+00,-1.0000000150e+30,-1.0000000150e+30,-1.0000000150e+30,-1.0000000150e+30,-1.0000000150e+30,-1.0000000150e+30,-1.0000000150e+30
-3.9845969677e+00,-4.2769017220e+00,-4.1279969215e+00,-4.6658225060e+00,-2.7685220242e+00,-5.1938509941e+00,-4.0459704399e+00,-4.2115573883e+00,-1.5195519924e+00,-3.3420784473e+00,-4.5470318794e+00,-2.0007655621e+00,-1.8243305683e+00,-1.0000000150e+30,-1.0000000150e+30,-1.0000000150e+30,-1.0000000150e+30,-1.0000000150e+30,-1.0000000150e+30
-4.3525762558e+00,-4.9450082779e+00,-4.9677386284e+00,-5.3582777977e+00,-3.6450307369e+00,-6.1839170456e+00,-4.8063740730e+00,-4.3149905205e+00,-1.5698404312e+00,-4.1942954063e+00,-5.3282380104e+00,-1.1629296541e+00,-2.0963118076e+00,-3.6688880920e+00,-1.0000000150e+30,-1.0000000150e+30,-1.0000000150e+30,-1.0000000150e+30,-1.0000000150e+30
-2.8232903481e+00,-3.7845938206e+00,-3.0798435211e+00,-3.7132222652e+00,-1.9299565554e+00,-4.2204084396e+00,-2.5802896023e+00,-3.6499419212e+00,-1.7089490891e+00,-2.4471559525e+00,-3.6082270145e+00,-1.0772128105e+00,-1.0850968361e+00,-1.8550959826e+00,-2.6828901768e+00,-1.0000000150e+30,-1.0000000150e+30,-1.0000000150e+30,-1.0000000150e+30
-4.4746246338e+00,-4.3076734543e+00,-3.7721388340e+00,-4.3713512421e+00,-2.1192154884e+00,-5.2447028160e+00,-3.3966846466e+00,-3.7027745247e+00,-1.6590223312e+00,-2.4751734734e+00,-4.1947178841e+00,-2.4843270779e+00,-2.4258630276e+00,-2.9916267395e+00,-4.9448161125e+00,-2.4998338223e+00,-1.0000000150e+30,-1.0000000150e+30,-1.0000000150e+30
-5.2467885017e+00,-4.9048447609e+00,-5.3731923103e+00,-5.0240039825e+00,-3.5001635551e+00,-6.0554561615e+00,-5.3921651840e+00,-4.1892647743e+00,-1.7531819344e+00,-4.5457110405e+00,-5.0566196442e+00,-1.2486552000e+00,-2.8232326508e+00,-4.4716353416e+00,-5.1180353165e+00,-2.7923266888e+00,-2.9017188549e+00,-1.0000000150e+30,-1.0000000150e+30
-4.3944520950e+00,-3.9434340000e+00,-4.4976453781e+00,-5.0448656082e+00,-3.2241377831e+00,-4.8229146004e+00,-4.0306768417e+00,-4.2703132629e+00,-2.1077821255e+00,-4.3684849739e+00,-4.8336434364e+00,-1.5214046240e+00,-2.2370154858e+00,-3.3527801037e+00,-3.7186062336e+00,-1.9964355230e+00,-2.1772017479e+00,-1.7716424465e+00,-1.0000000150e+30
-7.0972943306e+00,-5.6957087517e+00,-6.3795585632e+00,-5.0329737663e+00,-3.1578266621e+00,-7.3146939278e+00,-6.3581709862e+00,-4.7458410263e+00,-2.0762126446e+00,-4.7182116508e+00,-5.4686303139e+00,-2.0871598721e+00,-3.9973130226e+00,-5.5223093033e+00,-6.4607086182e+00,-3.0696775913e+00,-3.3536477089e+00,-8.1211262941e-01,4.9674856663e-01
