-1.6332243383e-01,5.3000506014e-03,2.0581322908e-01,1.3822610676e-01,6.8151667714e-02,-2.5711196661e-01,-6.6118381917e-02,3.1076768041e-01,-1.1576045305e-01,1.5398223698e-01,7.8950695693e-02,-2.8705483675e-01,1.7823016644e-01,-9.4157986343e-02,2.5864458084e-01,8.1802800298e-02,-4.9431264400e-02,1.8416923285e-01,-1.3459126651e-01,-8.8890865445e-02,7.1903742850e-02,-5.4843187332e-01,3.1015071273e-01,-2.0815810561e-01,-3.2988056540e-01,-5.3871981800e-04,-6.2579423189e-02,-5.8914639056e-02,-1.1081150174e-01,-5.2642904222e-02,3.0756467581e-01,-2.6863831282e-01,-1.6105359420e-02,-1.6101995111e-01,-7.8236423433e-02,-2.9774270952e-02,-4.0205794573e-01,4.4086180627e-02,-1.3150221109e-01,-2.0596528053e-01,-1.1398065835e-03,2.3711386323e-01,2.0898757875e-01,-2.4380657077e-01,2.5231754780e-01,2.3587730527e-01,2.2290766239e-01,-9.1143213212e-03,-4.7846104950e-02,8.6017914116e-02,2.7238130569e-02,8.5512608290e-02,4.2145967484e-02,-2.9399079084e-01,1.4124822617e-01,-6.9709226489e-02,1.6019081697e-02,-3.1421196461e-01,1.2812310457e-01,1.5274636447e-02,5.8174900711e-02,1.5879149735e-01,1.9718235731e-01,-5.5639542639e-02,-2.2347649932e-01,8.3086818457e-02,-4.5700758696e-02,-2.4522386491e-01,1.1328564584e-01,-1.5655718744e-02,1.8750007451e-01,1.7461246252e-01,2.8371673822e-01,8.5383683443e-02,-1.1047388613e-01,2.0321366191e-01,1.4318116009e-02,-6.8319335580e-02,-2.4097912014e-02,-7.2934009135e-02,-1.5789368749e-01,1.3996608555e-01,4.5611400157e-02,6.5741650760e-03,-1.3222150505e-02,2.2057811916e-01,-2.2781027481e-02,2.3060798645e-02,-6.8687170744e-02,1.9684556872e-02,-4.2762416601e-01,2.1915505826e-01,-3.9557937533e-02,-2.3567257822e-01,2.8418818116e-01,1.6112083197e-01,-1.0956624895e-01,-2.4648666382e-02,-8.3422094584e-02,-4.8394575715e-02,3.3499479294e-01,1.1500597000e-02,3.0081468821e-01,2.9271531105e-01,-2.3421952128e-01,7.8600779176e-02,5.5773422122e-02,5.9218537062e-02,-1.6809971631e-01,-2.1942667663e-01,6.4571514726e-02,-4.2679619044e-02,1.2118275464e-01,2.0335644484e-01,-5.2378065884e-02,-3.5587489605e-01,-1.4822628349e-02,2.6518329978e-03,3.9664328098e-02,3.0107587576e-02,2.3045256734e-01,5.5882036686e-03,1.3349521905e-02,-2.5771800429e-02,1.5220436454e-01,1.9361719489e-02,3.0291736126e-01,-2.5798982382e-01
-7.2705380619e-02,2.2538412362e-02,-3.2211369276e-01,-2.5811530650e-03,1.2659281492e-01,-3.0934363604e-03,-2.2703307867e-01,1.6489775479e-01,-7.7916987240e-02,1.5451993048e-01,1.2672668695e-01,1.1667627841e-01,3.0005399138e-02,-2.8613843024e-02,-1.0082089901e-01,-1.2285593152e-01,-8.9138329029e-02,-1.4899924397e-01,1.4382340014e-01,2.7315616608e-01,-7.3572680354e-02,2.2484123707e-02,1.7209167778e-01,1.3669647276e-01,-2.3676216602e-01,1.6524690390e-01,-9.9408648908e-02,-9.6489086747e-02,-7.4258789420e-02,-3.6085695028e-01,-1.9712963700e-01,9.3271933496e-02,-1.1121393740e-01,-1.1090013385e-01,-6.5286353230e-02,-1.3893197477e-01,2.9038512707e-01,-2.1493760869e-02,-3.9253473282e-02,-1.9537833333e-01,-2.0214010030e-02,1.0129644722e-01,-4.1205224395e-01,-1.0103124380e-01,1.4023181796e-01,2.3437558115e-01,-8.3224639297e-02,-1.4685541391e-01,-7.8372359276e-03,-1.2504753470e-01,9.4946295023e-02,4.3692283332e-02,7.3987111449e-02,-7.0288470015e-03,-1.9085252285e-01,1.2937378883e-01,-2.0145359635e-01,7.0261865854e-02,-1.0483348370e-01,1.3580255210e-02,-7.2633191943e-02,-4.4645495713e-02,-9.1679513454e-02,7.4987433851e-02,1.3435032964e-01,1.2957249582e-01,-1.0915613174e-01,-3.1721785665e-01,2.4411037564e-01,-5.8948118240e-02,-3.7723243237e-02,1.0207325220e-01,-3.4910045564e-02,4.6853180975e-02,-3.7846148014e-01,-4.0146023035e-02,-9.8220758140e-02,1.9297212362e-01,5.5714499205e-02,5.9204630554e-02,7.5820669532e-02,-1.1270720512e-01,5.6683357805e-02,3.3219051361e-01,4.6260524541e-02,3.0659836531e-01,-2.0444411039e-01,1.2811267376e-01,-1.4327639341e-01,-1.2394502759e-01,1.0643787682e-02,2.9053097963e-01,4.6705454588e-03,-2.3993541300e-01,1.2043543160e-01,-3.0243504792e-02,1.1474693567e-01,3.5323135555e-02,1.1735858023e-01,-7.7382355928e-02,-1.2670524418e-02,1.4619390666e-01,-9.0082824230e-02,2.7203466743e-03,-1.4077737927e-01,-1.3125655055e-01,3.3577808738e-01,-1.7084258795e-01,9.4944760203e-02,-3.4197416157e-02,1.7437402159e-02,1.3977740705e-01,1.4173722267e-01,-6.8594925106e-03,-6.4696222544e-02,7.3127001524e-02,-1.9422480837e-02,-1.5340131521e-01,1.9865363836e-01,6.5421760082e-02,1.8184751272e-01,-8.9549720287e-03,9.7939997911e-02,-1.8065270782e-01,1.2505765259e-01,-1.8767632544e-01,-1.6009597480e-01,-5.2889779210e-02
-5.0127393007e-01,6.2414216995e-01,1.6443724632e+00,6.7968976498e-01,1.2296836078e-01,6.6619861126e-01,6.3413321972e-01,1.5250794590e-01,8.7573826313e-01,5.9838777781e-01,-1.5649482608e-01,1.5652765334e-01,1.1549189687e-02,2.7261498570e-01,3.4696289897e-01,-1.9705140591e-01,1.0335199833e+00,7.0440351963e-01,3.3394008875e-01,-7.3893523216e-01,6.8554127216e-01,-4.7723457217e-01,6.7181754112e-01,-1.5151604414e+00,2.7899903059e-01,-1.0774478912e+00,-6.5891969204e-01,5.7964825630e-01,-8.0202269554e-01,-3.6439383030e-01,8.1103163958e-01,-1.1756724864e-01,8.3794271946e-01,-1.6311159134e+00,-8.9836764336e-01,1.1042349339e+00,-3.0574718118e-01,-9.4475412369e-01,5.6244540215e-01,-1.7146255076e-01,-9.1158288717e-01,1.4222860336e+00,9.5762029290e-02,-2.4716986716e-01,-9.7513705492e-01,2.9849559069e-01,3.5125112534e-01,2.0052784681e-01,4.2334906757e-02,-4.9093425274e-01,-1.3710628748e+00,3.6197163165e-02,7.0596730709e-01,-2.0575220883e-01,3.7222874165e-01,4.7780781984e-01,-3.5210236907e-01,2.5718837976e-01,1.1398047209e+00,2.0177942514e-01,-4.6203255653e-01,-1.0285998881e-01,-8.5857594013e-01,-6.8156898022e-01,-1.7010311782e-01,8.8707232475e-01,-2.4648261070e-01,2.4667325020e+00,7.8411847353e-03,-1.2752952576e+00,3.4641563892e-01,-4.4800251722e-01,5.0424039364e-03,-4.4958111644e-01,3.1916138530e-01,-8.1268215179e-01,7.4702665210e-02,-1.6453065872e+00,-2.3503601551e-03,2.8102061152e-01,1.0260471106e+00,-4.5561856031e-01,-3.4009897709e-01,3.3898603916e-01,-4.1112571955e-01,-2.3832390308e+00,-1.1218398809e-02,5.3298871964e-02,4.1650727391e-01,7.1568691730e-01,-8.7376624346e-01,-3.1501370668e-01,1.0163545609e+00,-1.0354901105e-01,-7.5449563563e-02,-4.1189551353e-01,-2.4005669355e-01,-4.6282935143e-01,-1.2443535328e+00,-4.1746282578e-01,-4.8626008630e-01,-2.2676587105e+00,6.1301551759e-02,-8.8963794708e-01,1.0717802495e-01,5.5211889744e-01,2.6970036328e-02,-5.4484772682e-01,6.0326409340e-01,-6.2534809113e-01,8.5198831558e-01,-3.4393191338e-01,-2.7517136931e-01,1.7726185322e+00,4.8832082748e-01,-2.2527348995e-01,3.0993020535e-01,-8.2034766674e-03,1.1461099982e-01,-3.5531488061e-01,2.6892092824e-01,4.4207990170e-01,-3.6875328422e-01,1.2598240376e+00,-5.2426576614e-01,1.6563887596e+00,3.1450015306e-01,-2.0904694498e-01
8.2219183445e-02,-1.0461515188e-01,4.3221426010e-01,1.5621308982e-01,-2.7422437072e-01,-2.3427852988e-01,-3.8120180368e-02,2.5522804260e-01,-1.0043325275e-01,-7.4133820832e-02,1.9699190557e-01,-1.2307804078e-01,3.3650302887e-01,1.5148349106e-02,3.4979414195e-02,3.6154022813e-01,1.5843434632e-01,6.0702753067e-01,1.8515832722e-01,-3.4049004316e-01,-4.1886046529e-01,1.7246435583e-01,-1.3973269612e-02,-5.7746684551e-01,-3.5743895173e-01,-1.5347702801e-01,2.0781895518e-01,3.2202266157e-03,-1.1876831949e-01,1.3286170363e-01,4.3190619349e-01,6.3629060984e-02,-3.3821005374e-02,-4.2519629002e-01,-1.2452613562e-02,-3.1566675752e-03,-3.2509490848e-02,4.3659347296e-01,2.7563665062e-02,1.2659871578e-01,-3.3604398370e-01,3.2454639673e-01,-1.5549072623e-01,-1.1171019822e-01,-1.0121639073e-01,5.0846442580e-02,-1.0553790629e-01,-1.7279845476e-01,-2.4197384715e-01,-1.8712472916e-01,-2.0654693246e-01,-1.9993792474e-01,8.5330486298e-02,-6.0605782270e-01,-2.9508960247e-01,3.2703095675e-01,-8.1246741116e-02,1.4749713242e-01,3.7599939108e-01,3.9814203978e-01,2.1138945222e-01,-2.4343869090e-01,-2.0553836226e-01,1.6038472950e-01,1.6478449106e-02,4.0492418408e-01,-1.1846388876e-01,1.3916009665e-01,-3.0919857323e-02,-3.1609958410e-01,1.2883010507e-01,2.3950718343e-02,3.0913636088e-01,6.2619343400e-02,-7.9471938312e-02,4.9435806274e-01,2.1144989133e-01,4.8732273281e-02,-6.3635803759e-02,-3.5677468777e-01,-1.2843754888e-01,2.3341746628e-01,3.3746826649e-01,9.4147995114e-02,-5.6667994708e-02,-3.9819303155e-01,7.0745289326e-02,4.6073406935e-02,-4.5732969046e-01,7.7974788845e-02,-4.5244663954e-01,-7.0598649979e-01,-3.2224065065e-01,1.3396452367e-01,1.8379652500e-01,3.1130179763e-01,-3.9382064342e-01,5.8965086937e-03,-6.5572135150e-02,-1.2506644428e-01,6.2500864267e-01,-1.1101868749e-01,3.6877730489e-01,3.2453545928e-01,-1.7497093976e-01,7.6402835548e-02,-5.2053183317e-02,-3.1547944993e-02,-1.1085132509e-01,-3.3328421414e-03,2.1028500795e-01,-3.3281046152e-01,3.9120829105e-01,7.5790159404e-02,2.2366132587e-02,-7.1193933487e-01,1.9319184124e-01,2.1261009574e-01,3.9161272347e-02,-5.8750495315e-02,1.2607011199e-01,-1.9202935696e-01,-1.8100360036e-01,1.2542530894e-01,-3.1702220440e-05,-8.1151403487e-02,-9.1027028859e-02,5.0667876005e-01
2.8146886826e-01,-1.0207840055e-01,-7.4470669031e-02,9.7744449973e-02,-1.0067559034e-01,2.6041471958e-01,1.4545017481e-01,-9.5360912383e-02,2.1268031001e-01,-2.1335279942e-01,7.8443795443e-02,2.2039170563e-01,-2.0550015569e-01,-5.0497286022e-02,-1.4048601687e-01,-1.2444636226e-01,-4.3274301291e-01,-1.6075246036e-01,1.2661840022e-01,-3.5360936075e-02,3.2751038671e-03,1.8818479776e-01,6.6273421049e-02,2.9564541578e-01,-9.5631644130e-02,2.4229454994e-01,-3.5549917817e-01,1.9483600557e-01,-2.1621361375e-02,-3.3697479963e-01,-2.8005251288e-01,1.2656225264e-01,-1.0706378520e-01,8.3772696555e-02,9.0264230967e-02,1.2528888881e-01,2.2824989259e-01,8.1125319004e-02,-3.3260676265e-01,3.7942815572e-02,5.8862887323e-02,-1.4563734829e-01,-3.1780980527e-02,1.7909936607e-01,-8.5734561086e-02,-5.3800612688e-01,-7.3196969926e-02,-2.4871845543e-01,-1.3991276920e-01,8.1756219268e-02,8.7313063443e-02,2.2127266228e-01,3.4783650190e-02,-2.0461931825e-01,-5.4555851966e-02,-1.3142091036e-01,-3.6520436406e-02,-1.6827896237e-02,-1.4980526268e-01,-1.2112286687e-01,7.1043103933e-02,-1.0174331069e-01,1.8228222430e-01,-6.7170411348e-02,3.5513722897e-01,-2.0572033525e-01,3.8931292295e-01,-3.5727420449e-01,2.6544857025e-01,-2.9093471169e-01,-1.2833686173e-01,-5.0306506455e-02,-9.0259671211e-02,9.2963062227e-02,5.3010612726e-02,2.1226316690e-01,2.3038271070e-01,2.9420089722e-01,2.0712344348e-01,-8.5387825966e-02,-1.7233800888e-01,-1.2885439396e-01,-1.0745956004e-01,-8.2216113806e-03,1.4694905281e-01,3.0676418543e-01,1.3767971098e-01,1.5202288330e-01,4.3182024360e-01,-9.3248143792e-02,1.3738504052e-01,-1.6951383650e-01,-1.2013643235e-01,4.3053083122e-02,1.1173509061e-02,-2.8877320886e-01,1.7678463459e-01,-1.2890209444e-02,2.5953367352e-01,-8.2403376698e-02,5.9413164854e-03,1.3897113502e-01,9.3288555741e-02,-1.4445336163e-01,-1.6762879491e-01,-1.9595606625e-01,1.4575700462e-01,-8.3516433835e-02,2.5260335207e-01,2.2904664278e-01,8.8896244764e-02,2.1379147470e-01,-2.4230349809e-02,-2.0758961141e-01,-2.3273701966e-01,2.3440773785e-01,1.1689329147e-01,-4.1530340910e-01,-5.2554555237e-02,5.1544025540e-02,-2.6394701004e-01,-2.0895193517e-01,1.1273663491e-01,-1.6903421283e-01,1.8002575636e-01,1.1980065703e-01,-2.7456976473e-02,2.6804003119e-01
1.7285320163e-01,5.3690165281e-01,-3.7937426567e-01,-4.1151738167e-01,2.1810686588e-01,4.7899723053e-01,-1.4527262747e-01,-2.6995703578e-01,6.7751713097e-02,-2.5617316365e-02,2.3803099990e-01,-3.2653290033e-01,2.0290550590e-01,1.6377870739e-01,-3.4496855736e-01,-2.7109080553e-01,-2.2291068733e-01,-4.4331258535e-01,-1.4430160820e-01,3.8698890805e-01,-1.9613376260e-01,3.4651556611e-01,-1.7847567797e-03,1.2284398079e-01,3.3583223820e-02,2.7760833502e-01,-2.5961047411e-01,5.6263286620e-02,-5.1451746374e-02,1.1851941049e-01,-3.9845764637e-01,-5.0342828035e-01,7.9068243504e-02,6.3868239522e-03,-1.1499755085e-01,-5.7540583611e-01,1.3461290300e-01,-1.4912685752e-01,-4.8749136925e-01,-3.2091164589e-01,2.8111618757e-01,-2.6847481728e-01,-1.2484481558e-02,-7.8529387712e-02,3.4990124404e-02,-1.2483907863e-02,3.0942779779e-01,-4.9272555113e-01,3.6124956608e-01,-1.5104207397e-01,6.5206301212e-01,-3.1859979033e-01,-2.9637277126e-01,-1.0968322307e-01,-1.0150195658e-01,2.4530114233e-01,2.9531639814e-01,-1.4088167250e-01,-2.0645438135e-01,-4.0226268768e-01,1.6213531792e-01,2.5508550927e-02,-2.1237529814e-01,9.3036353588e-02,-3.2390391827e-01,8.8911071420e-02,5.1698811352e-02,-3.6605712026e-02,1.6256979108e-01,1.0926989466e-01,-3.1821107864e-01,4.9848306179e-01,-3.7699183822e-01,1.3304321468e-01,1.4819520712e-01,-2.4520773441e-02,-3.2900440693e-01,6.9753207266e-02,1.3648147881e-01,-2.5359895825e-01,1.2190477550e-01,5.5425167084e-02,-2.2479745746e-01,-4.9597106874e-02,-1.1978831142e-02,6.7394518852e-01,2.7889069915e-01,6.5127021074e-01,2.3645456880e-02,-3.9328247309e-01,2.8487154841e-01,2.9804790020e-01,-1.9700247049e-01,-4.4477936625e-01,-1.5525779128e-01,-6.6398635507e-02,3.5120993853e-01,-3.4863322973e-01,5.2118819952e-01,-1.5176816285e-01,1.2926642597e-01,5.5340862274e-01,4.1784602404e-01,-2.3759995401e-01,1.9314460456e-02,-1.2190831825e-02,2.2356173396e-01,6.0772174597e-01,2.2854678333e-02,4.8781371117e-01,-1.9888098538e-01,-1.1527544260e-01,-1.0726760328e-01,-5.2699935436e-01,-2.1375192702e-01,4.4547379017e-01,-2.6420089602e-01,7.6555460691e-02,-3.9992344379e-01,-7.4523806572e-02,-4.2149454355e-02,-2.5765722990e-01,5.4512619972e-01,-1.0530338436e-01,3.5321268439e-01,-1.0516563058e-01,-1.2662093341e-01,2.8945258260e-01
-5.5029886961e-01,1.1139338017e+00,2.2253379822e+00,2.4036958814e-01,1.6605725884e-01,1.3510720730e+00,1.3332098722e+00,-1.3446164131e-01,1.0034484863e+00,8.2980388403e-01,-4.3729981780e-01,-2.1914613247e-01,-7.3491877317e-01,3.0636098236e-03,1.7972499132e-01,-4.0890488029e-01,7.9294240475e-01,7.0915114880e-01,1.9204169512e-02,-7.5688701868e-01,2.4140386283e-01,-3.0518755317e-01,7.6362276077e-01,-1.6584345102e+00,3.3526819944e-01,-1.0324231386e+00,-8.1057107449e-01,8.0196326971e-01,-9.9068081379e-01,2.9789730906e-02,1.1701933146e+00,-7.1309012175e-01,8.1778055429e-01,-2.0013065338e+00,-1.1156682968e+00,1.1493963003e+00,-3.8577854633e-01,-1.0744743347e+00,4.3625554442e-01,-1.7277872562e-01,-4.9938160181e-01,1.7079744339e+00,4.1710230708e-01,9.3875057995e-02,-1.1405246258e+00,-1.3649085164e-01,5.3925925493e-01,-3.6106681824e-01,2.8476041555e-01,-3.6239793897e-01,-1.6165635586e+00,6.0856735706e-01,7.7460336685e-01,-3.7383377552e-01,3.7944257259e-01,6.3304489851e-01,1.3839772344e-01,1.7639350891e-01,1.0988941193e+00,3.1866049767e-01,-6.2859821320e-01,1.0683293641e-01,-9.5208001137e-01,-1.3851885796e+00,-4.6009632945e-01,1.1780011654e+00,-3.9284786582e-01,3.1396651268e+00,-8.6655515432e-01,-1.1640148163e+00,-5.5083863437e-02,5.8809018135e-01,-8.3446189761e-02,-2.0847178996e-01,6.7786294222e-01,-7.6102966070e-01,3.9526408911e-01,-1.9899010658e+00,2.4594068527e-03,5.3962945938e-01,1.0676341057e+00,-6.2242114544e-01,-2.2452665865e-01,1.2710525095e-01,-6.8180018663e-01,-2.5418248177e+00,1.6717721522e-01,-3.3283002675e-02,2.6679092646e-01,1.0001252890e+00,-1.1052229404e+00,-4.8919928074e-01,1.3337662220e+00,1.3502731919e-02,-8.4369045496e-01,-3.0679038167e-01,-2.1281222999e-01,-9.4745373726e-01,-1.1655217409e+00,-3.6723834276e-01,-7.3197913170e-01,-2.4497678280e+00,3.7015151978e-01,-9.0216076374e-01,1.0541680455e-01,5.7889825106e-01,1.1748564988e-01,-2.4489751458e-01,3.2012188435e-01,-9.3238472939e-01,3.6023494601e-01,-1.5491312742e-01,-4.5156162977e-01,2.3823087215e+00,3.2206925750e-01,-3.7360256910e-01,-1.4801432192e-01,-5.2903145552e-02,-6.2740498781e-01,-3.8866442442e-01,6.7985969782e-01,2.8539949656e-01,-3.6585339904e-01,1.6853150129e+00,-7.5565493107e-01,2.0476531982e+00,7.7557420731e-01,-2.2586593032e-01
1.2662348151e-01,-3.3334326744e-01,4.1546687484e-02,5.1845127344e-01,5.9620548040e-02,1.8424180150e-01,-3.8613092899e-01,-1.4425052702e-01,4.3947868049e-02,5.5527579039e-02,2.3573961854e-01,7.0412874222e-02,-2.2776615620e-01,4.3861858547e-02,-5.2136227489e-02,6.3086912036e-02,2.7954423428e-01,-1.2053990364e-01,-1.8899756670e-01,1.1064346880e-01,3.9778225124e-02,3.0178166926e-02,4.7352060676e-02,-1.4518749714e-01,3.0240786076e-01,-3.2782115042e-02,-3.1424489617e-01,-3.5556825995e-01,-3.2112899423e-01,-2.9236219823e-02,3.9664134383e-02,2.8456845880e-01,2.3883062601e-01,-2.4234503508e-01,-2.9843130708e-01,1.1835843325e-01,4.6649053693e-03,3.4878009558e-01,2.1598339081e-03,6.3664130867e-02,-2.8037464619e-01,1.6011554003e-01,-3.3290791512e-01,-1.9351199269e-02,-8.7776824832e-02,7.0484653115e-02,-1.6203746200e-01,2.4723321199e-01,2.6696747541e-01,-2.2698210180e-01,-4.6108430624e-01,-1.0371945053e-01,5.8051365614e-01,-2.4297058582e-01,-4.5164236426e-01,3.7587988377e-01,4.2346939445e-02,-1.1609686166e-01,4.1676685214e-02,-4.0372914076e-01,-5.0068095326e-02,-2.8615477681e-01,-5.6603789330e-01,2.9964923859e-01,-9.8800748587e-02,4.2008601129e-02,-2.7480459213e-01,1.7050893605e-01,6.6822642088e-01,-4.0345144272e-01,-5.4737210274e-02,6.8807625771e-01,-8.9564196765e-02,2.1695546806e-01,3.0379039049e-01,9.9505491555e-02,-1.2205584347e-01,5.2024567127e-01,-3.7150579691e-01,4.0415719151e-01,1.8156599998e-01,-3.4006974101e-01,-6.9120228291e-02,4.7192025185e-01,-8.8051334023e-02,-4.1317802668e-01,-2.4221692234e-02,2.7272948623e-01,9.0636625886e-02,6.1079289764e-02,5.4364312440e-02,2.3812706769e-01,8.1020012498e-02,-1.5534837544e-01,1.6789543629e-01,-1.4725360274e-01,1.9931849837e-01,-3.9147993922e-01,6.4486868680e-02,3.3143305779e-01,-5.9752273560e-01,-6.0419011116e-01,-3.8667789102e-01,-1.8933168054e-01,-4.3476647139e-01,8.3408234641e-03,-4.0032953024e-02,5.6048619747e-01,3.3229821920e-01,-1.0711691529e-01,1.0385723412e-01,-1.7738908529e-01,-3.9111202955e-01,4.6257793903e-01,1.1308944970e-01,-1.4324189723e-01,-1.3832832873e-01,4.6853488684e-01,-8.0680213869e-02,2.3020201921e-01,2.8962665796e-01,6.3165634871e-02,-2.5526422262e-01,4.1480250657e-02,-3.0107110739e-01,2.0049664378e-01,3.7982931733e-01,1.6943898797e-01
-1.4645196497e-01,1.7037755251e-01,-2.9819610715e-01,-1.0333601385e-01,-2.7551150322e-01,4.1728281975e-01,-6.9208145142e-03,3.0378896743e-02,-3.4845169634e-02,-8.9182853699e-03,-8.3978250623e-02,1.1908553541e-02,-1.9461505115e-01,2.4782058597e-01,3.3381782472e-02,6.9789692760e-02,-3.0561673641e-01,-2.9801300168e-01,-1.5030027926e-01,3.1424167752e-01,1.6685226560e-01,-4.9330346286e-02,2.9168447852e-01,5.0095617771e-01,-2.0919816196e-01,3.9121061563e-03,-2.1455959976e-01,2.1691247821e-01,-1.6576538980e-01,-1.9050779939e-01,-2.0041070879e-01,1.6764330864e-01,-4.2251199484e-02,-2.1605737507e-02,9.9828056991e-02,-1.2046941370e-01,4.5501512289e-01,-1.1791203171e-01,6.7618884146e-02,-3.3687269688e-01,1.3878014684e-01,-1.4068084955e-01,-2.1501332521e-01,-1.8765616417e-01,1.4599895477e-01,8.9940160513e-02,-1.8707485497e-01,-2.1112605929e-01,-1.9241314381e-02,1.7845271528e-01,5.2195791155e-02,2.7963456511e-01,2.9574342072e-02,2.4768404663e-01,-8.1222206354e-02,-3.0034691095e-01,-2.5221782923e-01,-2.0215919614e-01,-2.1851116419e-01,-1.1128187180e-04,-8.9706592262e-02,-9.4935894012e-02,-1.1111248285e-01,5.0809510052e-02,-7.4305906892e-03,-3.4204915166e-01,-1.7560683191e-02,-3.0514109135e-01,1.1361581087e-01,8.4205865860e-03,7.6941549778e-02,3.7910029292e-02,-3.5644477606e-01,2.1362215281e-01,-1.1808951944e-01,-2.3667290807e-01,-2.3080136627e-02,2.4586483836e-02,1.2911452353e-01,3.0766144395e-01,2.9214732349e-03,1.4811901748e-01,3.2784432173e-01,1.0238614678e-01,-6.7823819816e-02,4.0756562352e-01,2.6633059978e-01,3.2555675507e-01,-3.3118166029e-03,-1.7253097892e-01,-1.8813021481e-02,3.9473402500e-01,-3.9171312004e-02,-2.5705767795e-02,1.0644458234e-02,-4.2245402932e-01,-3.9017256349e-03,2.2354355454e-01,2.7098113298e-01,3.0712139606e-01,-1.6802707314e-01,3.0953997374e-01,6.1602391303e-02,2.0768342912e-01,-1.2973218225e-02,-1.0335445404e-02,7.4447065592e-02,-1.5468966961e-01,3.9856333286e-02,-1.0225383565e-02,-1.3564064167e-02,2.8141057491e-01,-1.6223527491e-01,-4.5094929636e-02,-3.4688097239e-01,3.9770141244e-01,6.3152611256e-02,-3.1181016564e-01,1.0236312449e-01,2.3079785705e-01,-5.2997358143e-02,-6.7571654916e-02,4.4084221125e-02,-2.8347074986e-01,3.0800545216e-01,-5.6020103395e-02,-5.1837977022e-02,-5.5186852813e-02
-2.3986560106e-01,6.1558842659e-01,9.6724545956e-01,7.4696934223e-01,7.5986847281e-02,2.0894856751e-01,5.9141623974e-01,3.8376219571e-02,6.1460661888e-01,2.7277195454e-01,8.2539312541e-02,1.6556994617e-01,1.3660414517e-01,-5.8078613132e-02,5.0596439838e-01,-1.3184143603e-01,5.3032290936e-01,5.0313580036e-01,3.6578840017e-01,-2.7611604333e-01,1.3836514950e-01,-1.4754465222e-01,3.5571986437e-01,-1.5393004417e+00,6.7692446709e-01,-1.1884722710e+00,-5.5908870697e-01,4.2148959637e-01,-7.4541401863e-01,-1.2811866403e-01,5.8216023445e-01,-4.9879205227e-01,5.5856698751e-01,-1.1868343353e+00,-7.1235716343e-01,6.3927805424e-01,-2.7267694473e-01,-4.7433334589e-01,3.4707543254e-01,-1.7796103656e-01,-7.4869322777e-01,1.2505493164e+00,-2.6637348533e-01,-2.0991356671e-01,-8.1273019314e-01,1.0335199535e-01,5.6896366179e-02,-1.1830421537e-01,1.1645270884e-01,-5.8396500349e-01,-1.2729136944e+00,8.6305439472e-03,3.7308472395e-01,-3.4269085526e-01,3.8914233446e-01,5.5021911860e-01,-7.2737038136e-03,1.4811448753e-01,8.3871698380e-01,2.5403630733e-01,5.9419941157e-02,-1.7559608817e-01,-7.1510010958e-01,-6.2357711792e-01,-2.5791299343e-01,7.2629785538e-01,-2.6974606514e-01,1.6057176590e+00,-2.1918724477e-01,-8.7607407570e-01,6.3051831722e-01,8.3246584982e-03,2.5457039475e-01,-2.3409193382e-02,2.7739405632e-01,-4.1279733181e-01,3.5785663128e-01,-9.4303750992e-01,3.5882377625e-01,3.4608900547e-01,8.5767734051e-01,-3.5280358791e-01,-4.5823097229e-01,1.8369270861e-01,-2.4310466647e-01,-1.8313952684e+00,-1.7852608860e-01,2.7399781346e-01,1.9152876735e-01,4.1538828611e-01,-5.2522981167e-01,3.0742960051e-02,8.5670065880e-01,-8.2869783044e-02,-1.9207489491e-01,-1.2525442243e-01,-2.6162016392e-01,-3.0744308233e-01,-1.0955514908e+00,-2.7249014378e-01,-1.4752866328e-01,-2.0399062634e+00,1.6153386235e-01,-2.7986162901e-01,1.6619223356e-01,2.2540785372e-01,-3.8299795240e-02,-4.2681753635e-01,1.6593722999e-01,-2.1711841226e-01,5.7250344753e-01,-1.2239357829e-01,5.1479909569e-02,1.1582403183e+00,2.3402830958e-01,-3.2492384315e-01,5.3423017263e-02,-4.4309794903e-02,-2.1300086379e-01,-1.9624191523e-01,2.8325659037e-01,1.0558351874e-01,-3.8227522373e-01,1.1801578999e+00,-4.4679743052e-01,9.6462440491e-01,1.0795203596e-01,-1.3032309711e-02
-4.8733517528e-02,1.7834734917e-01,2.0012342930e-01,8.6433760822e-02,3.8031585515e-02,-7.4744331837e-01,3.1798577309e-01,5.0297206640e-01,-5.4856311530e-02,-2.0354150236e-01,-1.8361765146e-01,-2.0429578424e-01,1.9385029376e-01,-1.9309405982e-01,1.0842698067e-01,1.3180053234e-01,5.1146976650e-02,1.9412221014e-01,1.9727566838e-01,2.8543874621e-02,-8.3931945264e-02,-1.5851521492e-01,1.5478341281e-01,-1.9187021255e-01,-9.0913847089e-02,-4.8670791090e-02,2.2913604975e-01,9.5645084977e-02,5.8362394571e-02,-4.0785977244e-01,2.9396271706e-01,-1.0454932600e-01,-1.4651542902e-01,-2.6058301330e-01,8.9950963855e-02,-2.5070002675e-01,-3.1920328736e-01,7.8195527196e-02,-2.3977912962e-02,6.5625578165e-02,-1.3835686445e-01,2.9236584902e-01,-1.5611617267e-01,-7.0033818483e-03,1.7862653732e-01,1.0938455164e-01,-2.5885900855e-01,-2.1698495746e-01,1.9390307367e-02,9.1695841402e-03,-1.5696506202e-01,-6.1899185181e-02,1.6560919583e-01,-8.8427044451e-02,-3.7733145058e-02,2.4237045646e-01,-9.8365537822e-02,5.4391786456e-02,6.1895459890e-01,2.7778142691e-01,3.1832128763e-01,2.1593876183e-01,5.7538449764e-01,2.6759296656e-01,-6.0018187761e-01,2.7748465538e-01,-4.1995897889e-01,-3.2437685132e-01,-5.6126922369e-02,-1.5084394813e-01,3.7014460564e-01,4.8776695132e-01,3.6766374111e-01,1.6995108128e-01,-3.5027632117e-01,4.7683703899e-01,2.2202375531e-01,-3.9654389024e-01,9.6591994166e-02,-4.5183998346e-01,2.2137218714e-01,2.2961445153e-01,2.6290434599e-01,-1.6055423021e-01,1.0287374258e-02,-1.4939209819e-01,-6.5563768148e-02,-1.9624838233e-01,-4.6787256002e-01,4.2831789702e-02,-5.7978767157e-01,1.0657308996e-01,-3.0316314101e-01,2.3502391577e-01,-1.3085766137e-01,6.8369293213e-01,4.1414253414e-02,-1.2802280486e-01,-3.5342240334e-01,-1.6666960716e-01,2.2470587492e-01,-1.6330078244e-01,3.5317772627e-01,1.4007845521e-01,-1.2940780818e-01,2.3872543871e-01,4.2494097352e-01,1.4699578285e-02,1.6694368422e-01,-4.2416676879e-01,1.9169314206e-01,-2.1719929576e-01,5.3545799106e-02,1.3249975443e-01,-1.4943806827e-01,-5.1707649231e-01,3.3708584309e-01,-6.6721373796e-01,-2.5063180923e-01,-1.5462455153e-01,-3.6893576384e-02,4.6514433622e-01,-3.9634189010e-01,9.0484544635e-02,-4.8470295966e-02,-3.0423393846e-01,6.9780983031e-02,-3.8706138730e-01
3.8844937086e-01,-3.1065779924e-01,-1.1749008298e-01,3.5532885790e-01,-3.4194469452e-01,-1.9996993244e-02,2.4862329662e-01,1.6072619706e-02,1.7663335800e-01,5.0626879930e-01,-7.2095796466e-02,7.8220739961e-02,-4.8208528757e-01,1.2534937263e-01,3.7001872063e-01,-3.2702341676e-01,-7.0591294765e-01,2.6208379865e-01,2.4207420647e-02,2.5833517313e-01,1.4571830630e-01,-5.1333689690e-01,-4.5242965221e-01,-7.4261240661e-02,2.3757737875e-01,-6.0372829437e-01,-3.2147648931e-01,-4.6494665742e-01,-1.1493756622e-01,-4.1878134012e-01,-2.0550125837e-01,-1.5128569305e-01,2.2358009219e-01,6.6149450839e-02,6.5788495541e-01,-5.2606284618e-02,-1.9031235576e-01,4.0150451660e-01,-1.3509754837e-01,-1.3646222651e-01,-3.2859152555e-01,-1.9520679489e-02,1.9470752776e-01,-3.4881569445e-02,2.1068391204e-01,-5.6386169046e-02,-1.3479387760e-01,2.9399600625e-01,-2.3217412829e-01,1.3144959509e-01,-2.2420056164e-01,4.4955998659e-01,-1.5423205495e-01,2.4543637037e-01,-1.8484658003e-01,-1.1477744579e-01,5.0802186131e-02,-3.4496355057e-01,-3.1189706922e-01,3.1452623010e-01,2.7614822984e-01,-4.0837913752e-02,-1.1574696749e-01,2.1259686351e-01,1.4413329959e-01,3.1858825684e-01,-2.8626954556e-01,-7.1175765991e-01,5.5783972144e-02,2.3392361403e-01,2.2272694111e-01,3.3014565706e-01,5.5790912360e-02,7.7485513687e-01,-1.4541406929e-01,3.5430908203e-01,-3.1874281168e-01,2.7572280169e-01,3.6540773511e-01,1.1309364438e-01,-1.2075358629e-01,1.4938083291e-01,-7.1600273252e-02,7.7597960830e-02,2.2094297409e-01,-1.7397835851e-01,3.5214838386e-01,1.5923513472e-01,-5.6103456020e-01,-3.0064666271e-01,3.2364910841e-01,4.2131310701e-01,-3.5689897835e-02,-8.4323361516e-02,1.4681044221e-01,-2.7572420239e-01,3.4426811337e-01,-3.8546796888e-02,2.4526907131e-02,-4.4881425798e-02,5.9825137258e-02,-6.5810635686e-02,-2.9699414968e-01,2.5845372677e-01,-2.4413785338e-01,-2.9053774476e-01,-7.1088075638e-03,-3.5261157155e-01,1.1808721721e-01,-1.2764793634e-01,1.4457339048e-01,-2.2487483919e-01,-3.8390532136e-01,-1.4421996474e-01,-6.7797505856e-01,4.7041222453e-01,-4.8562118411e-01,6.3025347888e-02,2.4463179708e-01,5.1693034172e-01,-1.0754217207e-01,-1.6417124867e-01,1.2242343277e-02,6.8105891347e-02,4.5652869344e-01,-1.5542942286e-01,2.3270955682e-01,4.7696553171e-02
-3.1126841903e-01,6.3750684261e-02,-4.0432702750e-02,-2.9734265059e-02,-2.0843827724e-01,-2.8856134415e-01,1.2143325061e-01,4.4933244586e-01,-5.2173244953e-01,-1.3873231411e-01,-9.0482801199e-02,-1.0127913207e-01,3.2871559262e-01,-1.3287363946e-01,1.7542667687e-02,1.8404385448e-01,-6.6534066200e-01,-3.8884705305e-01,-1.9394314289e-01,3.7855839729e-01,1.6353279352e-01,-1.5721413493e-01,1.2397958338e-01,3.0769529939e-01,-3.3150297403e-01,3.7357789278e-01,-1.3623993099e-01,-1.8185304105e-01,-2.2927451134e-01,-3.5301220417e-01,8.6038768291e-02,-2.7571052313e-02,-4.2559808493e-01,2.7180856466e-01,2.0717658103e-01,-1.4004674554e-01,-2.0333085209e-02,3.2944563031e-01,-3.0505129695e-01,-2.2735358775e-01,7.7387109399e-02,7.0742079988e-03,1.6796569526e-01,-2.5764060020e-01,2.2053712606e-01,1.0325201601e-01,3.5369910300e-02,-2.9233574867e-01,-2.3216831684e-01,-3.2997703552e-01,5.3875535727e-01,3.2566465437e-02,-1.4180198312e-01,1.6680231690e-01,2.7888000011e-02,-4.0156584978e-01,-1.3256478310e-01,-3.3584028482e-01,-7.3288850486e-02,1.5539309382e-01,1.2122318894e-01,-6.0497924685e-02,5.8453351259e-01,2.8918328881e-01,4.5774959028e-02,-1.2314741313e-01,8.2236766815e-02,-5.3844928741e-01,6.8151451647e-02,8.0051735044e-02,8.3502106369e-02,7.0932701230e-02,-3.5128688812e-01,2.4064052105e-01,-2.4629834294e-01,1.1126883328e-01,-3.1537330151e-01,-3.2320886850e-02,2.2421769798e-01,-3.6932012439e-01,-1.7197035253e-01,1.5254440904e-01,2.7775752544e-01,-1.3035431504e-01,7.4187636375e-02,6.1509597301e-01,-1.1541085690e-01,2.2405007482e-01,-1.4338555932e-01,-3.7797623873e-01,-2.6155072451e-01,5.8433282375e-01,-2.5865384936e-01,-9.1835476458e-02,3.2516267896e-01,-2.8112336993e-02,4.3836814165e-01,2.6163193583e-01,3.8850009441e-02,-1.3315697014e-01,1.1243112385e-02,2.6508229971e-01,2.3339760303e-01,5.2060145140e-01,2.7113378048e-01,-3.6986064911e-01,5.2877134085e-01,-2.8235632181e-01,1.4646220207e-01,2.6015391946e-01,6.4316242933e-03,1.1657179892e-01,2.9539078474e-01,-1.4501649141e-01,-3.5492038727e-01,1.2750618160e-01,3.8831595331e-02,-4.9069550633e-01,-1.4782375097e-01,9.9994182587e-02,-9.1856524348e-02,1.7757448554e-01,-4.7485217452e-02,-4.2183583975e-01,2.2627612948e-01,-1.2669047713e-01,1.2953217328e-01,-1.6508544981e-01
-3.4110084176e-01,7.9286867380e-01,1.4814174175e+00,6.3418340683e-01,1.2434636056e-01,5.9655964375e-01,9.8719602823e-01,2.2489514202e-02,8.8076210022e-01,4.0693116188e-01,-1.5105120838e-01,1.7128080130e-01,-3.6967408657e-01,-1.0723200440e-01,3.3215916157e-01,-3.6900570989e-01,6.0283851624e-01,6.2410926819e-01,2.0576274395e-01,-4.8771882057e-01,2.2614462674e-01,-3.1261402369e-01,3.3420026302e-01,-1.4778101444e+00,5.0053262711e-01,-1.1201318502e+00,-7.1284300089e-01,5.9550404549e-01,-8.7843227386e-01,-1.6349402070e-01,7.5875961781e-01,-3.5542050004e-01,6.2476164103e-01,-1.5967533588e+00,-6.2162411213e-01,6.3832426071e-01,-3.2410573959e-01,-6.2536072731e-01,5.0186729431e-01,-2.2887240350e-01,-6.6828763485e-01,1.3282659054e+00,5.9301041067e-02,-3.6175549030e-02,-7.4350750446e-01,-3.9412863553e-02,1.9516713917e-01,-1.4215320349e-02,1.3151973486e-01,-2.2762575746e-01,-1.3867576122e+00,4.3240648508e-01,5.9100848436e-01,-2.7785733342e-01,2.3755328357e-01,4.3312287331e-01,-1.3233120739e-01,1.2210255116e-01,1.0745946169e+00,1.6097618639e-01,-3.0434444547e-01,1.5640649199e-01,-6.3099181652e-01,-8.2162559032e-01,-2.8547275066e-01,9.7227740288e-01,-2.2996571660e-01,1.9613105059e+00,-2.9522731900e-01,-1.0128376484e+00,2.9867815971e-01,1.5511056781e-01,5.4973598570e-02,3.4751694649e-02,2.1380075812e-01,-5.6996393204e-01,1.9725862145e-01,-1.4619132280e+00,2.0912720263e-01,3.4698423743e-01,9.1930937767e-01,-4.5958566666e-01,-2.7425453067e-01,2.3027576506e-01,-3.6007168889e-01,-1.9470949173e+00,3.9920374751e-02,-1.7915464938e-02,1.0133282840e-01,6.1308395863e-01,-7.2069978714e-01,-2.7657869458e-01,1.0038591623e+00,8.3757556975e-02,-3.9395940304e-01,-1.6436910629e-01,-4.1603885591e-02,-3.8901817799e-01,-1.0442230701e+00,-5.0753813982e-01,-3.1339240074e-01,-2.0668854713e+00,1.4788183570e-01,-4.7357803583e-01,-3.2263711095e-02,1.3276261091e-01,1.0955772549e-01,-4.1432085633e-01,2.9616355896e-01,-6.9283306599e-01,5.5120038986e-01,-1.1955814809e-01,-2.2343103588e-01,1.4294173717e+00,2.4012054503e-01,-1.3875913620e-01,2.5077003241e-01,-2.2919359803e-01,-1.6695331037e-01,-3.2498061657e-01,2.6036223769e-01,3.7183862925e-01,-3.8321325183e-01,1.3404433727e+00,-5.8443075418e-01,1.2473366261e+00,4.3087267876e-01,-1.8748211861e-01
-4.0563845634e-01,-2.0366959274e-02,4.4485861063e-01,1.3102348149e-01,-5.1788914204e-01,-1.0266461372e+00,1.4347162843e-01,6.6377735138e-01,-7.7578768134e-02,2.6746916771e-01,-6.7366272211e-01,-1.3117873669e-01,5.3891193867e-01,-7.1020603180e-02,2.4598142505e-01,3.0943310261e-01,-1.8641468883e-01,6.8676030636e-01,9.7292572260e-02,-2.4805298448e-01,2.2443515062e-01,-6.0213017464e-01,1.8206363916e-01,-5.2551203966e-01,-2.2271746397e-01,-5.3102993965e-01,2.2249554098e-01,2.3708370328e-01,-9.7475036979e-02,-7.0633172989e-01,7.0904028416e-01,-3.4683981538e-01,-5.5361407995e-01,-6.2387472391e-01,1.1571162939e-01,-2.3379993439e-01,-8.9847993851e-01,1.7774304748e-01,-2.7697893977e-01,2.0467928052e-01,-4.9418002367e-02,8.2566082478e-01,4.2912113667e-01,-4.8499397933e-02,4.1007304192e-01,5.7750862837e-01,-7.2971932590e-02,4.4961705804e-02,-4.4595167041e-01,-6.5579974651e-01,-4.7190701962e-01,-2.3209266365e-01,-1.6029387712e-01,-1.0855117440e-01,-2.7549192309e-03,1.1838115752e-01,-7.9891085625e-01,1.7060709000e-01,6.3981163502e-01,8.1424885988e-01,7.4594187737e-01,-1.0916918516e-01,6.3819992542e-01,3.7817829847e-01,-5.2963072062e-01,4.8420876265e-01,-6.9398015738e-02,-2.9493466020e-01,-1.1907597631e-01,-2.4928346276e-01,9.7996020317e-01,4.5134460926e-01,4.5740640163e-01,1.5236552060e-01,-5.4798412323e-01,5.0620549917e-01,-4.2212456465e-01,-8.7245798111e-01,3.9821684361e-01,-1.2340195179e+00,3.4054729342e-01,8.4781420231e-01,8.5586374998e-01,-9.4385340810e-02,-1.9763723016e-01,-7.9168820381e-01,-5.9433329105e-01,-3.4452691674e-02,-9.0729486942e-01,-5.2181504667e-02,-6.7390602827e-01,2.5024771690e-02,7.5403958559e-02,5.0978463888e-01,3.0192375183e-01,-4.8520062119e-03,3.9501994848e-01,-1.3771045208e-01,-4.6976560354e-01,-2.6012027264e-01,5.3928780556e-01,-7.8538753092e-02,8.7218135595e-02,7.2109401226e-01,1.1299465597e-01,-3.1521788239e-01,1.4244963229e-01,-6.0478949547e-01,3.0390205979e-01,-2.5477874279e-01,4.5758090913e-02,-3.2655382156e-01,6.1121773720e-01,-1.3962066174e-01,-2.5000402331e-01,-6.3313633204e-01,-1.1982294917e-01,-1.4834830165e-01,3.4324067831e-01,-2.1320945024e-01,3.6152851582e-01,2.8903427720e-01,-5.9800159931e-01,2.1532744169e-01,4.5359027386e-01,-1.0702577233e-01,4.6038739383e-02,-4.9347531796e-01
6.4837783575e-03,1.9353553653e-03,-2.9524248838e-01,-1.6702739894e-01,1.3584953547e-01,-2.3760731518e-01,-2.4613201618e-01,1.6290766001e-01,-1.1900272965e-01,7.0496395230e-02,8.1206887960e-02,-7.3177024722e-02,-5.4571241140e-02,-1.1182972789e-01,-1.4127999544e-01,2.6726244017e-02,-2.1513089538e-02,-3.0707903206e-02,1.2065635622e-01,2.0057134330e-01,-3.1880760193e-01,1.3471609354e-01,1.4884038270e-01,2.9612967744e-02,-3.7104758620e-01,2.0666572452e-01,1.6136923432e-01,-1.8382500112e-01,-1.3394290209e-01,-2.9524388909e-01,-1.1097021401e-01,1.8186348677e-01,-2.2901090980e-01,-1.2473499030e-01,1.1730386317e-01,-3.3796107769e-01,2.8659799695e-01,2.0250948146e-02,-6.1667650938e-02,-1.9658979774e-01,1.3438506424e-01,8.7149322033e-02,-4.9200096726e-01,4.8508111387e-02,1.7212469876e-01,3.7044179440e-01,-3.4979730844e-03,-8.4367223084e-02,-5.6589350104e-02,2.2425208241e-02,1.4066673815e-01,-1.2496504188e-01,-9.5891691744e-02,-1.6873611137e-02,-3.1211808324e-01,1.6925814748e-01,-2.4142701924e-01,3.7318434566e-02,-8.8038556278e-02,6.7772828043e-02,-5.1320038736e-02,-1.0014510155e-01,3.8248125464e-02,1.5668326616e-01,1.9871002436e-01,2.3575031757e-01,-3.1231291592e-02,-4.1647475958e-01,8.6526393890e-02,2.4778321385e-01,-4.3526319787e-03,2.1305015683e-01,6.9852903485e-02,3.7168934941e-02,-5.7172042131e-01,2.1341982484e-01,-1.1702305079e-01,2.7767074108e-01,-9.6861146390e-02,-2.1064993739e-01,-1.0152120888e-01,1.6428234056e-02,3.3101409674e-01,3.9770323038e-01,4.0295075625e-02,3.4166046977e-01,-3.0589467287e-01,7.9847842455e-02,-1.9573879242e-01,2.6228662580e-02,-7.7725641429e-02,-1.2207458727e-02,-6.1868142337e-02,-1.3407167792e-01,1.7929233611e-01,1.8224741518e-01,-5.6404165924e-02,7.5883314013e-02,1.9864657521e-01,6.9958791137e-02,8.4286756814e-02,2.8623473644e-01,-3.6707267165e-02,5.7509832084e-02,-1.9681009650e-01,-3.5176254809e-02,1.7685334384e-01,-6.4678736031e-02,1.2067592144e-01,-9.9653482437e-02,-4.5524746180e-02,1.0676570237e-01,4.1173610091e-01,-2.7715557814e-01,2.3332655430e-02,-1.5074402094e-01,-6.6851720214e-02,1.1135198176e-02,4.5294177532e-01,4.5957922935e-02,2.9018849134e-01,-1.4995925128e-01,1.4134934545e-01,-1.9669048488e-01,7.8670009971e-03,-3.5886704922e-01,-2.4115198851e-01,4.7252774239e-02
-5.5856627226e-01,6.8622636795e-01,1.2862920761e+00,6.2139546871e-01,1.8049687147e-01,6.3037562370e-01,7.3310285807e-01,1.2624390423e-01,7.8838884830e-01,4.7998648882e-01,-3.2665967941e-01,2.6764065027e-01,-4.3655030429e-02,2.9009312391e-01,1.3027808070e-01,-4.1418205947e-02,9.4955742359e-01,4.1705197096e-01,4.1967159510e-01,-6.8125659227e-01,7.3707163334e-01,-5.3453856707e-01,7.1482920647e-01,-1.1393654346e+00,1.7059655488e-01,-9.1317796707e-01,-5.0960308313e-01,6.1045777798e-01,-6.5284562111e-01,-3.9610594511e-01,5.8591604233e-01,-1.1334235966e-01,6.5768766403e-01,-1.5015729666e+00,-6.8544030190e-01,9.4742715359e-01,-3.6752393842e-01,-6.9942975044e-01,6.2913751602e-01,-1.4540398121e-01,-8.5053575039e-01,1.3417065144e+00,-2.4657614529e-02,-1.5073402226e-01,-9.0245771408e-01,4.3490749598e-01,2.9622873664e-01,2.8162363172e-01,-2.1891283989e-01,-2.8160011768e-01,-1.1433260441e+00,8.1006705761e-02,6.1290156841e-01,-9.9051021039e-02,2.2355525196e-01,2.8363406658e-01,-5.4911774397e-01,4.0666544437e-01,1.0316418409e+00,1.4872376621e-01,-2.9217374325e-01,-1.9623425603e-01,-6.1997467279e-01,-3.3580639958e-01,-1.1083464324e-01,7.5219297409e-01,-3.6120831966e-01,2.1434152126e+00,2.0056477189e-01,-1.3267449141e+00,4.8226046562e-01,-5.0539374352e-01,-1.2274429202e-02,-3.9435017109e-01,1.1406027526e-01,-1.0779564381e+00,-1.2547545135e-01,-1.5485662222e+00,1.9105528295e-01,3.0435717106e-01,1.0805054903e+00,-2.9463392496e-01,-1.5960563719e-01,4.9178473651e-02,-3.0888971686e-01,-2.0704252720e+00,-6.5158523619e-02,8.4212660789e-02,5.3188198805e-01,6.2187272310e-01,-7.1360111237e-01,-3.0865389109e-01,8.4557020664e-01,5.0133902580e-02,-1.4799767733e-01,-5.5474996567e-01,-2.1082055569e-01,-4.1726601124e-01,-1.1067154408e+00,-3.2541143894e-01,-3.9776685834e-01,-2.0606687069e+00,1.6873084009e-02,-6.3076281548e-01,1.5519383550e-01,3.3534514904e-01,1.3779684901e-01,-6.9486790895e-01,7.1354669333e-01,-5.0626015663e-01,7.1068060398e-01,-2.3049215972e-01,-2.7633666992e-01,1.5373593569e+00,3.7236648798e-01,-4.6201609075e-03,3.6889022589e-01,-2.4729283154e-01,3.3950373530e-01,-2.4741464853e-01,5.1910579205e-03,4.3516060710e-01,-4.6817678213e-01,1.1476039886e+00,-5.4898315668e-01,1.3440873623e+00,1.3641315699e-01,-4.7459340096e-01
3.7899028510e-02,-1.6777674854e-01,3.3797839284e-01,1.3141408563e-01,-1.3980782032e-01,-2.5030606985e-01,2.3286059499e-02,1.9367368519e-01,-1.9477204978e-01,-3.6119468510e-02,2.5294247270e-01,-1.6882529855e-01,4.9960082769e-01,-8.7413445115e-02,7.8682303429e-03,3.1209099293e-01,1.1875662208e-01,5.2392870188e-01,2.1124836802e-01,-2.8925108910e-01,-2.1756632626e-01,1.0927651078e-01,-5.6890942156e-02,-4.7701931000e-01,-2.5648930669e-01,-1.2990751863e-01,1.4034186304e-01,-4.0477938950e-02,-2.9061213136e-03,1.0576225817e-01,4.0277329087e-01,8.0079331994e-02,-2.5891479105e-02,-2.2327025235e-01,1.8005594611e-03,4.5911990106e-02,-5.9931144118e-02,3.7353903055e-01,1.4201346040e-01,8.1300161779e-02,-3.5832396150e-01,2.5989687443e-01,-8.2926914096e-02,-1.4723587036e-01,-1.4414587617e-01,9.6652850509e-02,3.9369225502e-02,-1.6990436614e-01,-1.2148731202e-01,-2.0018139482e-01,-1.1255008727e-01,-2.4744579196e-01,2.3655049503e-02,-4.9943035841e-01,-1.5195280313e-01,2.5488734245e-01,6.6909983754e-02,8.3605818450e-02,3.3602058887e-01,3.7459367514e-01,2.3714317381e-01,-2.2345866263e-01,-9.3956030905e-02,2.9610741884e-02,9.4180181623e-02,3.0547076464e-01,-1.4860360324e-01,1.3781838119e-01,-1.1912402511e-01,-1.8579432368e-01,2.3258776963e-01,3.1477164477e-02,2.8727948666e-01,8.9332967997e-02,-1.5500412881e-01,4.8742270470e-01,1.3582967222e-01,1.2139877304e-02,-5.0208535045e-02,-3.1633543968e-01,-1.5526252985e-01,3.1652277708e-01,2.4607472122e-01,1.4073442668e-02,1.3424143195e-02,-3.3432054520e-01,3.1559988856e-02,-7.8357495368e-03,-3.7898510695e-01,7.5387522578e-02,-3.6100959778e-01,-6.1903047562e-01,-2.4817436934e-01,1.3754688203e-01,2.3120360076e-01,2.4296547472e-01,-3.8271176815e-01,-6.9497600198e-02,-9.3306936324e-02,-8.9419022202e-02,4.3730711937e-01,-1.5276768804e-01,2.8222215176e-01,2.8068169951e-01,-3.0035123229e-02,1.5269203484e-01,-1.4287267625e-01,-1.2399414927e-01,-6.4183130860e-02,6.9635778666e-02,1.8128171563e-01,-2.9361987114e-01,3.2004660368e-01,1.2715235353e-02,-1.3927131891e-02,-5.9161120653e-01,1.8303224444e-01,2.0758736134e-01,4.4131431729e-02,-5.7191491127e-02,9.5475912094e-02,-2.8552976251e-01,-2.3142090440e-01,9.7335964441e-02,-3.0825734138e-03,-7.0768974721e-02,-1.5736716986e-01,3.8551768661e-01
2.0249319077e-01,-8.0868422985e-02,-1.2551403046e-01,2.6191949844e-02,1.5639744699e-02,2.3038837314e-01,7.7918060124e-02,-1.1725233495e-01,1.9646444917e-01,-2.8797361255e-01,1.1641821265e-01,2.1560925245e-01,-1.0711652040e-01,-5.2584376186e-02,-1.7454203963e-01,-1.4773659408e-01,-3.8070145249e-01,-1.7323358357e-01,1.3838639855e-01,-1.5126831830e-02,-9.8794214427e-03,2.3084875941e-01,1.2311202288e-01,3.0529338121e-01,-9.1324985027e-02,2.3429284990e-01,-3.2444447279e-01,2.1025276184e-01,2.4472773075e-03,-3.5938236117e-01,-2.2042241693e-01,1.5087854862e-01,-3.9570547640e-02,1.7256769538e-01,-1.5011921525e-02,1.4786179364e-01,2.1607865393e-01,7.1236550808e-02,-2.6469391584e-01,-1.4266341925e-02,1.1229912192e-01,-1.8637888134e-01,-1.5674095601e-02,1.5180881321e-01,-8.3183050156e-02,-4.4793617725e-01,-6.2758877873e-02,-3.0319118500e-01,-7.5724422932e-02,1.4892373979e-01,1.4939114451e-01,1.6149234772e-01,2.3211628199e-02,-1.7217493057e-01,1.0375119746e-02,-1.0176779330e-01,5.4585263133e-02,2.0622462034e-03,-2.1029955149e-01,-2.8431248665e-01,5.1478303969e-02,-4.5577168465e-02,1.5145397186e-01,-1.6242052615e-01,3.7744751573e-01,-2.7775448561e-01,4.2717996240e-01,-3.1338864565e-01,1.3585262001e-01,-1.8098443747e-01,-1.0633912683e-01,-1.4139559865e-01,-1.8430948257e-02,-4.3467052281e-02,-4.9686253071e-02,1.5656471252e-01,2.3450109363e-01,2.9765471816e-01,1.7651982605e-01,-5.6912012398e-02,-1.8597975373e-01,-1.1264900118e-01,-1.6753904521e-01,5.8400779963e-02,1.3029852509e-01,3.7953078747e-01,2.4774678051e-02,1.1419616640e-01,5.0761377811e-01,-1.5317916870e-01,2.0271942019e-01,-1.6999629140e-01,-1.3894128799e-01,-1.8510321155e-02,7.7673070133e-02,-2.2516846657e-01,1.3740168512e-01,-3.4511853009e-02,2.8967389464e-01,-7.6084122062e-02,2.7337789536e-02,1.8183037639e-01,1.3018050790e-01,-1.8026824296e-01,-1.1104169488e-01,-9.1863289475e-02,1.4411555231e-01,-7.8962579370e-02,1.9793516397e-01,2.1848790348e-01,-2.9112547636e-02,2.0974147320e-01,6.3691223040e-03,-1.9321128726e-01,-1.8272331357e-01,2.2989404202e-01,1.5707300603e-01,-3.6708664894e-01,-2.9743544757e-02,-6.7373365164e-04,-2.3909045756e-01,-2.3352344334e-01,1.1975053698e-01,-1.7482164502e-01,1.8745574355e-01,7.5851082802e-02,-7.8661248088e-02,1.8325398862e-01
