name,rows,cols,description
00_tokens,19,1,Token-IDs of the prompt (integers)
01_tok_emb,19,128,Token embeddings: wte[idx]
02_pos_emb,19,128,Learned absolute position embeddings: wpe[0..T-1]
03_x_input,19,128,Sum of token embeddings and position embeddings
L0_10_ln1,19,128,L0_10_ln1
L0_11_q_h0,19,32,L0_11_q_h0
L0_12_k_h0,19,32,L0_12_k_h0
L0_13_v_h0,19,32,L0_13_v_h0
L0_14_scores_scaled_h0,19,19,L0_14_scores_scaled_h0
L0_15_scores_masked_h0,19,19,L0_15_scores_masked_h0
L0_16_attn_probs_h0,19,19,L0_16_attn_probs_h0
L0_17_head_out_h0,19,32,L0_17_head_out_h0
L0_11_q_h1,19,32,L0_11_q_h1
L0_12_k_h1,19,32,L0_12_k_h1
L0_13_v_h1,19,32,L0_13_v_h1
L0_14_scores_scaled_h1,19,19,L0_14_scores_scaled_h1
L0_15_scores_masked_h1,19,19,L0_15_scores_masked_h1
L0_16_attn_probs_h1,19,19,L0_16_attn_probs_h1
L0_17_head_out_h1,19,32,L0_17_head_out_h1
L0_11_q_h2,19,32,L0_11_q_h2
L0_12_k_h2,19,32,L0_12_k_h2
L0_13_v_h2,19,32,L0_13_v_h2
L0_14_scores_scaled_h2,19,19,L0_14_scores_scaled_h2
L0_15_scores_masked_h2,19,19,L0_15_scores_masked_h2
L0_16_attn_probs_h2,19,19,L0_16_attn_probs_h2
L0_17_head_out_h2,19,32,L0_17_head_out_h2
L0_11_q_h3,19,32,L0_11_q_h3
L0_12_k_h3,19,32,L0_12_k_h3
L0_13_v_h3,19,32,L0_13_v_h3
L0_14_scores_scaled_h3,19,19,L0_14_scores_scaled_h3
L0_15_scores_masked_h3,19,19,L0_15_scores_masked_h3
L0_16_attn_probs_h3,19,19,L0_16_attn_probs_h3
L0_17_head_out_h3,19,32,L0_17_head_out_h3
L0_18_attn_concat,19,128,L0_18_attn_concat
L0_19_attn_proj,19,128,L0_19_attn_proj
L0_20_resid_post_attn,19,128,L0_20_resid_post_attn
L0_30_ln2,19,128,L0_30_ln2
L0_31_fc,19,512,L0_31_fc
L0_32_gelu,19,512,L0_32_gelu
L0_33_mlp_proj,19,128,L0_33_mlp_proj
L0_34_resid_post_mlp,19,128,L0_34_resid_post_mlp
L1_10_ln1,19,128,L1_10_ln1
L1_11_q_h0,19,32,L1_11_q_h0
L1_12_k_h0,19,32,L1_12_k_h0
L1_13_v_h0,19,32,L1_13_v_h0
L1_14_scores_scaled_h0,19,19,L1_14_scores_scaled_h0
L1_15_scores_masked_h0,19,19,L1_15_scores_masked_h0
L1_16_attn_probs_h0,19,19,L1_16_attn_probs_h0
L1_17_head_out_h0,19,32,L1_17_head_out_h0
L1_11_q_h1,19,32,L1_11_q_h1
L1_12_k_h1,19,32,L1_12_k_h1
L1_13_v_h1,19,32,L1_13_v_h1
L1_14_scores_scaled_h1,19,19,L1_14_scores_scaled_h1
L1_15_scores_masked_h1,19,19,L1_15_scores_masked_h1
L1_16_attn_probs_h1,19,19,L1_16_attn_probs_h1
L1_17_head_out_h1,19,32,L1_17_head_out_h1
L1_11_q_h2,19,32,L1_11_q_h2
L1_12_k_h2,19,32,L1_12_k_h2
L1_13_v_h2,19,32,L1_13_v_h2
L1_14_scores_scaled_h2,19,19,L1_14_scores_scaled_h2
L1_15_scores_masked_h2,19,19,L1_15_scores_masked_h2
L1_16_attn_probs_h2,19,19,L1_16_attn_probs_h2
L1_17_head_out_h2,19,32,L1_17_head_out_h2
L1_11_q_h3,19,32,L1_11_q_h3
L1_12_k_h3,19,32,L1_12_k_h3
L1_13_v_h3,19,32,L1_13_v_h3
L1_14_scores_scaled_h3,19,19,L1_14_scores_scaled_h3
L1_15_scores_masked_h3,19,19,L1_15_scores_masked_h3
L1_16_attn_probs_h3,19,19,L1_16_attn_probs_h3
L1_17_head_out_h3,19,32,L1_17_head_out_h3
L1_18_attn_concat,19,128,L1_18_attn_concat
L1_19_attn_proj,19,128,L1_19_attn_proj
L1_20_resid_post_attn,19,128,L1_20_resid_post_attn
L1_30_ln2,19,128,L1_30_ln2
L1_31_fc,19,512,L1_31_fc
L1_32_gelu,19,512,L1_32_gelu
L1_33_mlp_proj,19,128,L1_33_mlp_proj
L1_34_resid_post_mlp,19,128,L1_34_resid_post_mlp
L2_10_ln1,19,128,L2_10_ln1
L2_11_q_h0,19,32,L2_11_q_h0
L2_12_k_h0,19,32,L2_12_k_h0
L2_13_v_h0,19,32,L2_13_v_h0
L2_14_scores_scaled_h0,19,19,L2_14_scores_scaled_h0
L2_15_scores_masked_h0,19,19,L2_15_scores_masked_h0
L2_16_attn_probs_h0,19,19,L2_16_attn_probs_h0
L2_17_head_out_h0,19,32,L2_17_head_out_h0
L2_11_q_h1,19,32,L2_11_q_h1
L2_12_k_h1,19,32,L2_12_k_h1
L2_13_v_h1,19,32,L2_13_v_h1
L2_14_scores_scaled_h1,19,19,L2_14_scores_scaled_h1
L2_15_scores_masked_h1,19,19,L2_15_scores_masked_h1
L2_16_attn_probs_h1,19,19,L2_16_attn_probs_h1
L2_17_head_out_h1,19,32,L2_17_head_out_h1
L2_11_q_h2,19,32,L2_11_q_h2
L2_12_k_h2,19,32,L2_12_k_h2
L2_13_v_h2,19,32,L2_13_v_h2
L2_14_scores_scaled_h2,19,19,L2_14_scores_scaled_h2
L2_15_scores_masked_h2,19,19,L2_15_scores_masked_h2
L2_16_attn_probs_h2,19,19,L2_16_attn_probs_h2
L2_17_head_out_h2,19,32,L2_17_head_out_h2
L2_11_q_h3,19,32,L2_11_q_h3
L2_12_k_h3,19,32,L2_12_k_h3
L2_13_v_h3,19,32,L2_13_v_h3
L2_14_scores_scaled_h3,19,19,L2_14_scores_scaled_h3
L2_15_scores_masked_h3,19,19,L2_15_scores_masked_h3
L2_16_attn_probs_h3,19,19,L2_16_attn_probs_h3
L2_17_head_out_h3,19,32,L2_17_head_out_h3
L2_18_attn_concat,19,128,L2_18_attn_concat
L2_19_attn_proj,19,128,L2_19_attn_proj
L2_20_resid_post_attn,19,128,L2_20_resid_post_attn
L2_30_ln2,19,128,L2_30_ln2
L2_31_fc,19,512,L2_31_fc
L2_32_gelu,19,512,L2_32_gelu
L2_33_mlp_proj,19,128,L2_33_mlp_proj
L2_34_resid_post_mlp,19,128,L2_34_resid_post_mlp
L3_10_ln1,19,128,L3_10_ln1
L3_11_q_h0,19,32,L3_11_q_h0
L3_12_k_h0,19,32,L3_12_k_h0
L3_13_v_h0,19,32,L3_13_v_h0
L3_14_scores_scaled_h0,19,19,L3_14_scores_scaled_h0
L3_15_scores_masked_h0,19,19,L3_15_scores_masked_h0
L3_16_attn_probs_h0,19,19,L3_16_attn_probs_h0
L3_17_head_out_h0,19,32,L3_17_head_out_h0
L3_11_q_h1,19,32,L3_11_q_h1
L3_12_k_h1,19,32,L3_12_k_h1
L3_13_v_h1,19,32,L3_13_v_h1
L3_14_scores_scaled_h1,19,19,L3_14_scores_scaled_h1
L3_15_scores_masked_h1,19,19,L3_15_scores_masked_h1
L3_16_attn_probs_h1,19,19,L3_16_attn_probs_h1
L3_17_head_out_h1,19,32,L3_17_head_out_h1
L3_11_q_h2,19,32,L3_11_q_h2
L3_12_k_h2,19,32,L3_12_k_h2
L3_13_v_h2,19,32,L3_13_v_h2
L3_14_scores_scaled_h2,19,19,L3_14_scores_scaled_h2
L3_15_scores_masked_h2,19,19,L3_15_scores_masked_h2
L3_16_attn_probs_h2,19,19,L3_16_attn_probs_h2
L3_17_head_out_h2,19,32,L3_17_head_out_h2
L3_11_q_h3,19,32,L3_11_q_h3
L3_12_k_h3,19,32,L3_12_k_h3
L3_13_v_h3,19,32,L3_13_v_h3
L3_14_scores_scaled_h3,19,19,L3_14_scores_scaled_h3
L3_15_scores_masked_h3,19,19,L3_15_scores_masked_h3
L3_16_attn_probs_h3,19,19,L3_16_attn_probs_h3
L3_17_head_out_h3,19,32,L3_17_head_out_h3
L3_18_attn_concat,19,128,L3_18_attn_concat
L3_19_attn_proj,19,128,L3_19_attn_proj
L3_20_resid_post_attn,19,128,L3_20_resid_post_attn
L3_30_ln2,19,128,L3_30_ln2
L3_31_fc,19,512,L3_31_fc
L3_32_gelu,19,512,L3_32_gelu
L3_33_mlp_proj,19,128,L3_33_mlp_proj
L3_34_resid_post_mlp,19,128,L3_34_resid_post_mlp
90_ln_f,19,128,Final LayerNorm output
91_logits,19,65,Logits for all positions
92_logits_last,1,65,Logits of the last position
93_probs_last_temp1,1,65,Softmax of the last-position logits, temperature 1.0
